source_video,colony,colony_treatment,newcomer_MC_n,newcomer_MD_n,newcomer_ratio,treatment_group,pair,tag_1,class_1,possible_original_tags_1,tag_2,class_2,possible_original_tags_2,interaction_type,cooccurrence_frames,interaction_frames
XZ_batch2_colony8_260602_1_crop_final_with_model_head_tail_1interval,colony8,Antibiotic,3,7,MC3_MD7,Antibiotic_MC3_MD7,11-14,11,H,11,14,H,14,HH,669,5
XZ_batch2_colony8_260602_1_crop_final_with_model_head_tail_1interval,colony8,Antibiotic,3,7,MC3_MD7,Antibiotic_MC3_MD7,11-19,11,H,11,19,H,19,HH,1170,70
XZ_batch2_colony8_260602_1_crop_final_with_model_head_tail_1interval,colony8,Antibiotic,3,7,MC3_MD7,Antibiotic_MC3_MD7,11-23,11,H,11,23,H,23,HH,421,1
XZ_batch2_colony8_260602_1_crop_final_with_model_head_tail_1interval,colony8,Antibiotic,3,7,MC3_MD7,Antibiotic_MC3_MD7,11-25,11,H,11,25,H,25,HH,817,5
XZ_batch2_colony8_260602_1_crop_final_with_model_head_tail_1interval,colony8,Antibiotic,3,7,MC3_MD7,Antibiotic_MC3_MD7,11-29,11,H,11,29,H,29,HH,435,39
XZ_batch2_colony8_260602_1_crop_final_with_model_head_tail_1interval,colony8,Antibiotic,3,7,MC3_MD7,Antibiotic_MC3_MD7,11-30,11,H,11,30,H,30,HH,366,15
XZ_batch2_colony8_260602_1_crop_final_with_model_head_tail_1interval,colony8,Antibiotic,3,7,MC3_MD7,Antibiotic_MC3_MD7,11-31,11,H,11,31,H,31,HH,431,1
XZ_batch2_colony8_260602_1_crop_final_with_model_head_tail_1interval,colony8,Antibiotic,3,7,MC3_MD7,Antibiotic_MC3_MD7,11-33,11,H,11,33,H,33,HH,136,4
XZ_batch2_colony8_260602_1_crop_final_with_model_head_tail_1interval,colony8,Antibiotic,3,7,MC3_MD7,Antibiotic_MC3_MD7,11-34,11,H,11,34,H,34,HH,267,2
XZ_batch2_colony8_260602_1_crop_final_with_model_head_tail_1interval,colony8,Antibiotic,3,7,MC3_MD7,Antibiotic_MC3_MD7,11-35,11,H,11,35,H,35,HH,246,1
XZ_batch2_colony8_260602_1_crop_final_with_model_head_tail_1interval,colony8,Antibiotic,3,7,MC3_MD7,Antibiotic_MC3_MD7,11-36,11,H,11,36,H,36,HH,1052,51
XZ_batch2_colony8_260602_1_crop_final_with_model_head_tail_1interval,colony8,Antibiotic,3,7,MC3_MD7,Antibiotic_MC3_MD7,11-39,11,H,11,39,H,39,HH,396,21
XZ_batch2_colony8_260602_1_crop_final_with_model_head_tail_1interval,colony8,Antibiotic,3,7,MC3_MD7,Antibiotic_MC3_MD7,11-41,11,H,11,41,H,41,HH,187,4
XZ_batch2_colony8_260602_1_crop_final_with_model_head_tail_1interval,colony8,Antibiotic,3,7,MC3_MD7,Antibiotic_MC3_MD7,11-44,11,H,11,44,H,44,HH,1053,16
XZ_batch2_colony8_260602_1_crop_final_with_model_head_tail_1interval,colony8,Antibiotic,3,7,MC3_MD7,Antibiotic_MC3_MD7,11-46,11,H,11,46,H,46,HH,352,5
XZ_batch2_colony8_260602_1_crop_final_with_model_head_tail_1interval,colony8,Antibiotic,3,7,MC3_MD7,Antibiotic_MC3_MD7,11-50,11,H,11,50,H,50,HH,211,11
XZ_batch2_colony8_260602_1_crop_final_with_model_head_tail_1interval,colony8,Antibiotic,3,7,MC3_MD7,Antibiotic_MC3_MD7,11-51,11,H,11,51,H,51,HH,746,92
XZ_batch2_colony8_260602_1_crop_final_with_model_head_tail_1interval,colony8,Antibiotic,3,7,MC3_MD7,Antibiotic_MC3_MD7,11-52,11,H,11,52,Q,52,HQ,165,0
XZ_batch2_colony8_260602_1_crop_final_with_model_head_tail_1interval,colony8,Antibiotic,3,7,MC3_MD7,Antibiotic_MC3_MD7,11-53,11,H,11,53,MC,53,HMC,1026,126
XZ_batch2_colony8_260602_1_crop_final_with_model_head_tail_1interval,colony8,Antibiotic,3,7,MC3_MD7,Antibiotic_MC3_MD7,11-54,11,H,11,54,MC,54,HMC,434,17
XZ_batch2_colony8_260602_1_crop_final_with_model_head_tail_1interval,colony8,Antibiotic,3,7,MC3_MD7,Antibiotic_MC3_MD7,11-55,11,H,11,55,MC,55,HMC,1523,7
XZ_batch2_colony8_260602_1_crop_final_with_model_head_tail_1interval,colony8,Antibiotic,3,7,MC3_MD7,Antibiotic_MC3_MD7,11-56,11,H,11,56,MD,56,HMD,455,51
XZ_batch2_colony8_260602_1_crop_final_with_model_head_tail_1interval,colony8,Antibiotic,3,7,MC3_MD7,Antibiotic_MC3_MD7,11-59,11,H,11,59,MD,59,HMD,708,17
XZ_batch2_colony8_260602_1_crop_final_with_model_head_tail_1interval,colony8,Antibiotic,3,7,MC3_MD7,Antibiotic_MC3_MD7,11-6,11,H,11,6,H,9,HH,843,15
XZ_batch2_colony8_260602_1_crop_final_with_model_head_tail_1interval,colony8,Antibiotic,3,7,MC3_MD7,Antibiotic_MC3_MD7,11-60,11,H,11,60,MD,60,HMD,250,3
XZ_batch2_colony8_260602_1_crop_final_with_model_head_tail_1interval,colony8,Antibiotic,3,7,MC3_MD7,Antibiotic_MC3_MD7,11-62,11,H,11,62,MD,62,HMD,108,0
XZ_batch2_colony8_260602_1_crop_final_with_model_head_tail_1interval,colony8,Antibiotic,3,7,MC3_MD7,Antibiotic_MC3_MD7,11-63,11,H,11,63,MD,63,HMD,1300,29
XZ_batch2_colony8_260602_1_crop_final_with_model_head_tail_1interval,colony8,Antibiotic,3,7,MC3_MD7,Antibiotic_MC3_MD7,11-65,11,H,11,65,MD,65,HMD,725,0
XZ_batch2_colony8_260602_1_crop_final_with_model_head_tail_1interval,colony8,Antibiotic,3,7,MC3_MD7,Antibiotic_MC3_MD7,11-8,11,H,11,8,H,8,HH,461,0
XZ_batch2_colony8_260602_1_crop_final_with_model_head_tail_1interval,colony8,Antibiotic,3,7,MC3_MD7,Antibiotic_MC3_MD7,14-19,14,H,14,19,H,19,HH,1504,53
XZ_batch2_colony8_260602_1_crop_final_with_model_head_tail_1interval,colony8,Antibiotic,3,7,MC3_MD7,Antibiotic_MC3_MD7,14-23,14,H,14,23,H,23,HH,962,1
XZ_batch2_colony8_260602_1_crop_final_with_model_head_tail_1interval,colony8,Antibiotic,3,7,MC3_MD7,Antibiotic_MC3_MD7,14-25,14,H,14,25,H,25,HH,228,5
XZ_batch2_colony8_260602_1_crop_final_with_model_head_tail_1interval,colony8,Antibiotic,3,7,MC3_MD7,Antibiotic_MC3_MD7,14-29,14,H,14,29,H,29,HH,174,23
XZ_batch2_colony8_260602_1_crop_final_with_model_head_tail_1interval,colony8,Antibiotic,3,7,MC3_MD7,Antibiotic_MC3_MD7,14-30,14,H,14,30,H,30,HH,487,10
XZ_batch2_colony8_260602_1_crop_final_with_model_head_tail_1interval,colony8,Antibiotic,3,7,MC3_MD7,Antibiotic_MC3_MD7,14-31,14,H,14,31,H,31,HH,519,65
XZ_batch2_colony8_260602_1_crop_final_with_model_head_tail_1interval,colony8,Antibiotic,3,7,MC3_MD7,Antibiotic_MC3_MD7,14-33,14,H,14,33,H,33,HH,220,0
XZ_batch2_colony8_260602_1_crop_final_with_model_head_tail_1interval,colony8,Antibiotic,3,7,MC3_MD7,Antibiotic_MC3_MD7,14-34,14,H,14,34,H,34,HH,708,2
XZ_batch2_colony8_260602_1_crop_final_with_model_head_tail_1interval,colony8,Antibiotic,3,7,MC3_MD7,Antibiotic_MC3_MD7,14-35,14,H,14,35,H,35,HH,389,1
XZ_batch2_colony8_260602_1_crop_final_with_model_head_tail_1interval,colony8,Antibiotic,3,7,MC3_MD7,Antibiotic_MC3_MD7,14-36,14,H,14,36,H,36,HH,1907,5
XZ_batch2_colony8_260602_1_crop_final_with_model_head_tail_1interval,colony8,Antibiotic,3,7,MC3_MD7,Antibiotic_MC3_MD7,14-39,14,H,14,39,H,39,HH,838,43
XZ_batch2_colony8_260602_1_crop_final_with_model_head_tail_1interval,colony8,Antibiotic,3,7,MC3_MD7,Antibiotic_MC3_MD7,14-41,14,H,14,41,H,41,HH,137,5
XZ_batch2_colony8_260602_1_crop_final_with_model_head_tail_1interval,colony8,Antibiotic,3,7,MC3_MD7,Antibiotic_MC3_MD7,14-44,14,H,14,44,H,44,HH,780,2
XZ_batch2_colony8_260602_1_crop_final_with_model_head_tail_1interval,colony8,Antibiotic,3,7,MC3_MD7,Antibiotic_MC3_MD7,14-46,14,H,14,46,H,46,HH,477,16
XZ_batch2_colony8_260602_1_crop_final_with_model_head_tail_1interval,colony8,Antibiotic,3,7,MC3_MD7,Antibiotic_MC3_MD7,14-50,14,H,14,50,H,50,HH,190,24
XZ_batch2_colony8_260602_1_crop_final_with_model_head_tail_1interval,colony8,Antibiotic,3,7,MC3_MD7,Antibiotic_MC3_MD7,14-51,14,H,14,51,H,51,HH,730,14
XZ_batch2_colony8_260602_1_crop_final_with_model_head_tail_1interval,colony8,Antibiotic,3,7,MC3_MD7,Antibiotic_MC3_MD7,14-52,14,H,14,52,Q,52,HQ,56,1
XZ_batch2_colony8_260602_1_crop_final_with_model_head_tail_1interval,colony8,Antibiotic,3,7,MC3_MD7,Antibiotic_MC3_MD7,14-53,14,H,14,53,MC,53,HMC,1881,18
XZ_batch2_colony8_260602_1_crop_final_with_model_head_tail_1interval,colony8,Antibiotic,3,7,MC3_MD7,Antibiotic_MC3_MD7,14-54,14,H,14,54,MC,54,HMC,432,13
XZ_batch2_colony8_260602_1_crop_final_with_model_head_tail_1interval,colony8,Antibiotic,3,7,MC3_MD7,Antibiotic_MC3_MD7,14-55,14,H,14,55,MC,55,HMC,1803,56
XZ_batch2_colony8_260602_1_crop_final_with_model_head_tail_1interval,colony8,Antibiotic,3,7,MC3_MD7,Antibiotic_MC3_MD7,14-56,14,H,14,56,MD,56,HMD,884,62
XZ_batch2_colony8_260602_1_crop_final_with_model_head_tail_1interval,colony8,Antibiotic,3,7,MC3_MD7,Antibiotic_MC3_MD7,14-59,14,H,14,59,MD,59,HMD,1276,2
XZ_batch2_colony8_260602_1_crop_final_with_model_head_tail_1interval,colony8,Antibiotic,3,7,MC3_MD7,Antibiotic_MC3_MD7,14-6,14,H,14,6,H,9,HH,1237,8
XZ_batch2_colony8_260602_1_crop_final_with_model_head_tail_1interval,colony8,Antibiotic,3,7,MC3_MD7,Antibiotic_MC3_MD7,14-60,14,H,14,60,MD,60,HMD,507,14
XZ_batch2_colony8_260602_1_crop_final_with_model_head_tail_1interval,colony8,Antibiotic,3,7,MC3_MD7,Antibiotic_MC3_MD7,14-62,14,H,14,62,MD,62,HMD,614,0
XZ_batch2_colony8_260602_1_crop_final_with_model_head_tail_1interval,colony8,Antibiotic,3,7,MC3_MD7,Antibiotic_MC3_MD7,14-63,14,H,14,63,MD,63,HMD,1880,22
XZ_batch2_colony8_260602_1_crop_final_with_model_head_tail_1interval,colony8,Antibiotic,3,7,MC3_MD7,Antibiotic_MC3_MD7,14-64,14,H,14,64,MD,64,HMD,4,0
XZ_batch2_colony8_260602_1_crop_final_with_model_head_tail_1interval,colony8,Antibiotic,3,7,MC3_MD7,Antibiotic_MC3_MD7,14-65,14,H,14,65,MD,65,HMD,485,0
XZ_batch2_colony8_260602_1_crop_final_with_model_head_tail_1interval,colony8,Antibiotic,3,7,MC3_MD7,Antibiotic_MC3_MD7,14-8,14,H,14,8,H,8,HH,358,15
XZ_batch2_colony8_260602_1_crop_final_with_model_head_tail_1interval,colony8,Antibiotic,3,7,MC3_MD7,Antibiotic_MC3_MD7,19-23,19,H,19,23,H,23,HH,999,40
XZ_batch2_colony8_260602_1_crop_final_with_model_head_tail_1interval,colony8,Antibiotic,3,7,MC3_MD7,Antibiotic_MC3_MD7,19-25,19,H,19,25,H,25,HH,1432,18
XZ_batch2_colony8_260602_1_crop_final_with_model_head_tail_1interval,colony8,Antibiotic,3,7,MC3_MD7,Antibiotic_MC3_MD7,19-29,19,H,19,29,H,29,HH,1242,35
XZ_batch2_colony8_260602_1_crop_final_with_model_head_tail_1interval,colony8,Antibiotic,3,7,MC3_MD7,Antibiotic_MC3_MD7,19-30,19,H,19,30,H,30,HH,1509,46
XZ_batch2_colony8_260602_1_crop_final_with_model_head_tail_1interval,colony8,Antibiotic,3,7,MC3_MD7,Antibiotic_MC3_MD7,19-31,19,H,19,31,H,31,HH,2184,115
XZ_batch2_colony8_260602_1_crop_final_with_model_head_tail_1interval,colony8,Antibiotic,3,7,MC3_MD7,Antibiotic_MC3_MD7,19-33,19,H,19,33,H,33,HH,578,17
XZ_batch2_colony8_260602_1_crop_final_with_model_head_tail_1interval,colony8,Antibiotic,3,7,MC3_MD7,Antibiotic_MC3_MD7,19-34,19,H,19,34,H,34,HH,1020,19
XZ_batch2_colony8_260602_1_crop_final_with_model_head_tail_1interval,colony8,Antibiotic,3,7,MC3_MD7,Antibiotic_MC3_MD7,19-35,19,H,19,35,H,35,HH,1102,23
XZ_batch2_colony8_260602_1_crop_final_with_model_head_tail_1interval,colony8,Antibiotic,3,7,MC3_MD7,Antibiotic_MC3_MD7,19-36,19,H,19,36,H,36,HH,3039,37
XZ_batch2_colony8_260602_1_crop_final_with_model_head_tail_1interval,colony8,Antibiotic,3,7,MC3_MD7,Antibiotic_MC3_MD7,19-39,19,H,19,39,H,39,HH,1199,6
XZ_batch2_colony8_260602_1_crop_final_with_model_head_tail_1interval,colony8,Antibiotic,3,7,MC3_MD7,Antibiotic_MC3_MD7,19-41,19,H,19,41,H,41,HH,1079,17
XZ_batch2_colony8_260602_1_crop_final_with_model_head_tail_1interval,colony8,Antibiotic,3,7,MC3_MD7,Antibiotic_MC3_MD7,19-44,19,H,19,44,H,44,HH,2047,61
XZ_batch2_colony8_260602_1_crop_final_with_model_head_tail_1interval,colony8,Antibiotic,3,7,MC3_MD7,Antibiotic_MC3_MD7,19-46,19,H,19,46,H,46,HH,799,1
XZ_batch2_colony8_260602_1_crop_final_with_model_head_tail_1interval,colony8,Antibiotic,3,7,MC3_MD7,Antibiotic_MC3_MD7,19-50,19,H,19,50,H,50,HH,1339,57
XZ_batch2_colony8_260602_1_crop_final_with_model_head_tail_1interval,colony8,Antibiotic,3,7,MC3_MD7,Antibiotic_MC3_MD7,19-51,19,H,19,51,H,51,HH,1947,87
XZ_batch2_colony8_260602_1_crop_final_with_model_head_tail_1interval,colony8,Antibiotic,3,7,MC3_MD7,Antibiotic_MC3_MD7,19-52,19,H,19,52,Q,52,HQ,387,1
XZ_batch2_colony8_260602_1_crop_final_with_model_head_tail_1interval,colony8,Antibiotic,3,7,MC3_MD7,Antibiotic_MC3_MD7,19-53,19,H,19,53,MC,53,HMC,3188,108
XZ_batch2_colony8_260602_1_crop_final_with_model_head_tail_1interval,colony8,Antibiotic,3,7,MC3_MD7,Antibiotic_MC3_MD7,19-54,19,H,19,54,MC,54,HMC,892,2
XZ_batch2_colony8_260602_1_crop_final_with_model_head_tail_1interval,colony8,Antibiotic,3,7,MC3_MD7,Antibiotic_MC3_MD7,19-55,19,H,19,55,MC,55,HMC,5026,164
XZ_batch2_colony8_260602_1_crop_final_with_model_head_tail_1interval,colony8,Antibiotic,3,7,MC3_MD7,Antibiotic_MC3_MD7,19-56,19,H,19,56,MD,56,HMD,2054,25
XZ_batch2_colony8_260602_1_crop_final_with_model_head_tail_1interval,colony8,Antibiotic,3,7,MC3_MD7,Antibiotic_MC3_MD7,19-59,19,H,19,59,MD,59,HMD,3459,75
XZ_batch2_colony8_260602_1_crop_final_with_model_head_tail_1interval,colony8,Antibiotic,3,7,MC3_MD7,Antibiotic_MC3_MD7,19-6,19,H,19,6,H,9,HH,3178,34
XZ_batch2_colony8_260602_1_crop_final_with_model_head_tail_1interval,colony8,Antibiotic,3,7,MC3_MD7,Antibiotic_MC3_MD7,19-60,19,H,19,60,MD,60,HMD,1082,2
XZ_batch2_colony8_260602_1_crop_final_with_model_head_tail_1interval,colony8,Antibiotic,3,7,MC3_MD7,Antibiotic_MC3_MD7,19-62,19,H,19,62,MD,62,HMD,1638,0
XZ_batch2_colony8_260602_1_crop_final_with_model_head_tail_1interval,colony8,Antibiotic,3,7,MC3_MD7,Antibiotic_MC3_MD7,19-63,19,H,19,63,MD,63,HMD,4718,306
XZ_batch2_colony8_260602_1_crop_final_with_model_head_tail_1interval,colony8,Antibiotic,3,7,MC3_MD7,Antibiotic_MC3_MD7,19-64,19,H,19,64,MD,64,HMD,7,0
XZ_batch2_colony8_260602_1_crop_final_with_model_head_tail_1interval,colony8,Antibiotic,3,7,MC3_MD7,Antibiotic_MC3_MD7,19-65,19,H,19,65,MD,65,HMD,1384,10
XZ_batch2_colony8_260602_1_crop_final_with_model_head_tail_1interval,colony8,Antibiotic,3,7,MC3_MD7,Antibiotic_MC3_MD7,19-8,19,H,19,8,H,8,HH,1204,11
XZ_batch2_colony8_260602_1_crop_final_with_model_head_tail_1interval,colony8,Antibiotic,3,7,MC3_MD7,Antibiotic_MC3_MD7,23-25,23,H,23,25,H,25,HH,192,0
XZ_batch2_colony8_260602_1_crop_final_with_model_head_tail_1interval,colony8,Antibiotic,3,7,MC3_MD7,Antibiotic_MC3_MD7,23-29,23,H,23,29,H,29,HH,255,0
XZ_batch2_colony8_260602_1_crop_final_with_model_head_tail_1interval,colony8,Antibiotic,3,7,MC3_MD7,Antibiotic_MC3_MD7,23-30,23,H,23,30,H,30,HH,214,0
XZ_batch2_colony8_260602_1_crop_final_with_model_head_tail_1interval,colony8,Antibiotic,3,7,MC3_MD7,Antibiotic_MC3_MD7,23-31,23,H,23,31,H,31,HH,152,1
XZ_batch2_colony8_260602_1_crop_final_with_model_head_tail_1interval,colony8,Antibiotic,3,7,MC3_MD7,Antibiotic_MC3_MD7,23-33,23,H,23,33,H,33,HH,77,5
XZ_batch2_colony8_260602_1_crop_final_with_model_head_tail_1interval,colony8,Antibiotic,3,7,MC3_MD7,Antibiotic_MC3_MD7,23-34,23,H,23,34,H,34,HH,455,7
XZ_batch2_colony8_260602_1_crop_final_with_model_head_tail_1interval,colony8,Antibiotic,3,7,MC3_MD7,Antibiotic_MC3_MD7,23-35,23,H,23,35,H,35,HH,329,22
XZ_batch2_colony8_260602_1_crop_final_with_model_head_tail_1interval,colony8,Antibiotic,3,7,MC3_MD7,Antibiotic_MC3_MD7,23-36,23,H,23,36,H,36,HH,742,8
XZ_batch2_colony8_260602_1_crop_final_with_model_head_tail_1interval,colony8,Antibiotic,3,7,MC3_MD7,Antibiotic_MC3_MD7,23-39,23,H,23,39,H,39,HH,195,1
XZ_batch2_colony8_260602_1_crop_final_with_model_head_tail_1interval,colony8,Antibiotic,3,7,MC3_MD7,Antibiotic_MC3_MD7,23-41,23,H,23,41,H,41,HH,70,16
XZ_batch2_colony8_260602_1_crop_final_with_model_head_tail_1interval,colony8,Antibiotic,3,7,MC3_MD7,Antibiotic_MC3_MD7,23-44,23,H,23,44,H,44,HH,433,0
XZ_batch2_colony8_260602_1_crop_final_with_model_head_tail_1interval,colony8,Antibiotic,3,7,MC3_MD7,Antibiotic_MC3_MD7,23-46,23,H,23,46,H,46,HH,38,1
XZ_batch2_colony8_260602_1_crop_final_with_model_head_tail_1interval,colony8,Antibiotic,3,7,MC3_MD7,Antibiotic_MC3_MD7,23-50,23,H,23,50,H,50,HH,89,0
XZ_batch2_colony8_260602_1_crop_final_with_model_head_tail_1interval,colony8,Antibiotic,3,7,MC3_MD7,Antibiotic_MC3_MD7,23-51,23,H,23,51,H,51,HH,404,9
XZ_batch2_colony8_260602_1_crop_final_with_model_head_tail_1interval,colony8,Antibiotic,3,7,MC3_MD7,Antibiotic_MC3_MD7,23-52,23,H,23,52,Q,52,HQ,18,0
XZ_batch2_colony8_260602_1_crop_final_with_model_head_tail_1interval,colony8,Antibiotic,3,7,MC3_MD7,Antibiotic_MC3_MD7,23-53,23,H,23,53,MC,53,HMC,1015,38
XZ_batch2_colony8_260602_1_crop_final_with_model_head_tail_1interval,colony8,Antibiotic,3,7,MC3_MD7,Antibiotic_MC3_MD7,23-54,23,H,23,54,MC,54,HMC,372,29
XZ_batch2_colony8_260602_1_crop_final_with_model_head_tail_1interval,colony8,Antibiotic,3,7,MC3_MD7,Antibiotic_MC3_MD7,23-55,23,H,23,55,MC,55,HMC,1420,25
XZ_batch2_colony8_260602_1_crop_final_with_model_head_tail_1interval,colony8,Antibiotic,3,7,MC3_MD7,Antibiotic_MC3_MD7,23-56,23,H,23,56,MD,56,HMD,608,0
XZ_batch2_colony8_260602_1_crop_final_with_model_head_tail_1interval,colony8,Antibiotic,3,7,MC3_MD7,Antibiotic_MC3_MD7,23-59,23,H,23,59,MD,59,HMD,907,42
XZ_batch2_colony8_260602_1_crop_final_with_model_head_tail_1interval,colony8,Antibiotic,3,7,MC3_MD7,Antibiotic_MC3_MD7,23-6,23,H,23,6,H,9,HH,868,56
XZ_batch2_colony8_260602_1_crop_final_with_model_head_tail_1interval,colony8,Antibiotic,3,7,MC3_MD7,Antibiotic_MC3_MD7,23-60,23,H,23,60,MD,60,HMD,95,1
XZ_batch2_colony8_260602_1_crop_final_with_model_head_tail_1interval,colony8,Antibiotic,3,7,MC3_MD7,Antibiotic_MC3_MD7,23-62,23,H,23,62,MD,62,HMD,22,1
XZ_batch2_colony8_260602_1_crop_final_with_model_head_tail_1interval,colony8,Antibiotic,3,7,MC3_MD7,Antibiotic_MC3_MD7,23-63,23,H,23,63,MD,63,HMD,1198,5
XZ_batch2_colony8_260602_1_crop_final_with_model_head_tail_1interval,colony8,Antibiotic,3,7,MC3_MD7,Antibiotic_MC3_MD7,23-65,23,H,23,65,MD,65,HMD,245,0
XZ_batch2_colony8_260602_1_crop_final_with_model_head_tail_1interval,colony8,Antibiotic,3,7,MC3_MD7,Antibiotic_MC3_MD7,23-8,23,H,23,8,H,8,HH,148,0
XZ_batch2_colony8_260602_1_crop_final_with_model_head_tail_1interval,colony8,Antibiotic,3,7,MC3_MD7,Antibiotic_MC3_MD7,25-29,25,H,25,29,H,29,HH,706,0
XZ_batch2_colony8_260602_1_crop_final_with_model_head_tail_1interval,colony8,Antibiotic,3,7,MC3_MD7,Antibiotic_MC3_MD7,25-30,25,H,25,30,H,30,HH,383,0
XZ_batch2_colony8_260602_1_crop_final_with_model_head_tail_1interval,colony8,Antibiotic,3,7,MC3_MD7,Antibiotic_MC3_MD7,25-31,25,H,25,31,H,31,HH,735,28
XZ_batch2_colony8_260602_1_crop_final_with_model_head_tail_1interval,colony8,Antibiotic,3,7,MC3_MD7,Antibiotic_MC3_MD7,25-33,25,H,25,33,H,33,HH,113,0
XZ_batch2_colony8_260602_1_crop_final_with_model_head_tail_1interval,colony8,Antibiotic,3,7,MC3_MD7,Antibiotic_MC3_MD7,25-34,25,H,25,34,H,34,HH,518,20
XZ_batch2_colony8_260602_1_crop_final_with_model_head_tail_1interval,colony8,Antibiotic,3,7,MC3_MD7,Antibiotic_MC3_MD7,25-35,25,H,25,35,H,35,HH,845,39
XZ_batch2_colony8_260602_1_crop_final_with_model_head_tail_1interval,colony8,Antibiotic,3,7,MC3_MD7,Antibiotic_MC3_MD7,25-36,25,H,25,36,H,36,HH,1681,45
XZ_batch2_colony8_260602_1_crop_final_with_model_head_tail_1interval,colony8,Antibiotic,3,7,MC3_MD7,Antibiotic_MC3_MD7,25-39,25,H,25,39,H,39,HH,938,3
XZ_batch2_colony8_260602_1_crop_final_with_model_head_tail_1interval,colony8,Antibiotic,3,7,MC3_MD7,Antibiotic_MC3_MD7,25-41,25,H,25,41,H,41,HH,109,0
XZ_batch2_colony8_260602_1_crop_final_with_model_head_tail_1interval,colony8,Antibiotic,3,7,MC3_MD7,Antibiotic_MC3_MD7,25-44,25,H,25,44,H,44,HH,1605,23
XZ_batch2_colony8_260602_1_crop_final_with_model_head_tail_1interval,colony8,Antibiotic,3,7,MC3_MD7,Antibiotic_MC3_MD7,25-46,25,H,25,46,H,46,HH,270,2
XZ_batch2_colony8_260602_1_crop_final_with_model_head_tail_1interval,colony8,Antibiotic,3,7,MC3_MD7,Antibiotic_MC3_MD7,25-50,25,H,25,50,H,50,HH,280,3
XZ_batch2_colony8_260602_1_crop_final_with_model_head_tail_1interval,colony8,Antibiotic,3,7,MC3_MD7,Antibiotic_MC3_MD7,25-51,25,H,25,51,H,51,HH,1470,56
XZ_batch2_colony8_260602_1_crop_final_with_model_head_tail_1interval,colony8,Antibiotic,3,7,MC3_MD7,Antibiotic_MC3_MD7,25-52,25,H,25,52,Q,52,HQ,202,3
XZ_batch2_colony8_260602_1_crop_final_with_model_head_tail_1interval,colony8,Antibiotic,3,7,MC3_MD7,Antibiotic_MC3_MD7,25-53,25,H,25,53,MC,53,HMC,1772,57
XZ_batch2_colony8_260602_1_crop_final_with_model_head_tail_1interval,colony8,Antibiotic,3,7,MC3_MD7,Antibiotic_MC3_MD7,25-54,25,H,25,54,MC,54,HMC,841,10
XZ_batch2_colony8_260602_1_crop_final_with_model_head_tail_1interval,colony8,Antibiotic,3,7,MC3_MD7,Antibiotic_MC3_MD7,25-55,25,H,25,55,MC,55,HMC,2142,75
XZ_batch2_colony8_260602_1_crop_final_with_model_head_tail_1interval,colony8,Antibiotic,3,7,MC3_MD7,Antibiotic_MC3_MD7,25-56,25,H,25,56,MD,56,HMD,1364,61
XZ_batch2_colony8_260602_1_crop_final_with_model_head_tail_1interval,colony8,Antibiotic,3,7,MC3_MD7,Antibiotic_MC3_MD7,25-59,25,H,25,59,MD,59,HMD,1255,7
XZ_batch2_colony8_260602_1_crop_final_with_model_head_tail_1interval,colony8,Antibiotic,3,7,MC3_MD7,Antibiotic_MC3_MD7,25-6,25,H,25,6,H,9,HH,2148,20
XZ_batch2_colony8_260602_1_crop_final_with_model_head_tail_1interval,colony8,Antibiotic,3,7,MC3_MD7,Antibiotic_MC3_MD7,25-60,25,H,25,60,MD,60,HMD,89,0
XZ_batch2_colony8_260602_1_crop_final_with_model_head_tail_1interval,colony8,Antibiotic,3,7,MC3_MD7,Antibiotic_MC3_MD7,25-62,25,H,25,62,MD,62,HMD,333,1
XZ_batch2_colony8_260602_1_crop_final_with_model_head_tail_1interval,colony8,Antibiotic,3,7,MC3_MD7,Antibiotic_MC3_MD7,25-63,25,H,25,63,MD,63,HMD,2114,43
XZ_batch2_colony8_260602_1_crop_final_with_model_head_tail_1interval,colony8,Antibiotic,3,7,MC3_MD7,Antibiotic_MC3_MD7,25-65,25,H,25,65,MD,65,HMD,705,0
XZ_batch2_colony8_260602_1_crop_final_with_model_head_tail_1interval,colony8,Antibiotic,3,7,MC3_MD7,Antibiotic_MC3_MD7,25-8,25,H,25,8,H,8,HH,312,0
XZ_batch2_colony8_260602_1_crop_final_with_model_head_tail_1interval,colony8,Antibiotic,3,7,MC3_MD7,Antibiotic_MC3_MD7,29-30,29,H,29,30,H,30,HH,332,13
XZ_batch2_colony8_260602_1_crop_final_with_model_head_tail_1interval,colony8,Antibiotic,3,7,MC3_MD7,Antibiotic_MC3_MD7,29-31,29,H,29,31,H,31,HH,367,9
XZ_batch2_colony8_260602_1_crop_final_with_model_head_tail_1interval,colony8,Antibiotic,3,7,MC3_MD7,Antibiotic_MC3_MD7,29-33,29,H,29,33,H,33,HH,155,1
XZ_batch2_colony8_260602_1_crop_final_with_model_head_tail_1interval,colony8,Antibiotic,3,7,MC3_MD7,Antibiotic_MC3_MD7,29-34,29,H,29,34,H,34,HH,216,2
XZ_batch2_colony8_260602_1_crop_final_with_model_head_tail_1interval,colony8,Antibiotic,3,7,MC3_MD7,Antibiotic_MC3_MD7,29-35,29,H,29,35,H,35,HH,417,20
XZ_batch2_colony8_260602_1_crop_final_with_model_head_tail_1interval,colony8,Antibiotic,3,7,MC3_MD7,Antibiotic_MC3_MD7,29-36,29,H,29,36,H,36,HH,584,9
XZ_batch2_colony8_260602_1_crop_final_with_model_head_tail_1interval,colony8,Antibiotic,3,7,MC3_MD7,Antibiotic_MC3_MD7,29-39,29,H,29,39,H,39,HH,986,0
XZ_batch2_colony8_260602_1_crop_final_with_model_head_tail_1interval,colony8,Antibiotic,3,7,MC3_MD7,Antibiotic_MC3_MD7,29-41,29,H,29,41,H,41,HH,252,3
XZ_batch2_colony8_260602_1_crop_final_with_model_head_tail_1interval,colony8,Antibiotic,3,7,MC3_MD7,Antibiotic_MC3_MD7,29-44,29,H,29,44,H,44,HH,522,45
XZ_batch2_colony8_260602_1_crop_final_with_model_head_tail_1interval,colony8,Antibiotic,3,7,MC3_MD7,Antibiotic_MC3_MD7,29-46,29,H,29,46,H,46,HH,346,0
XZ_batch2_colony8_260602_1_crop_final_with_model_head_tail_1interval,colony8,Antibiotic,3,7,MC3_MD7,Antibiotic_MC3_MD7,29-50,29,H,29,50,H,50,HH,282,6
XZ_batch2_colony8_260602_1_crop_final_with_model_head_tail_1interval,colony8,Antibiotic,3,7,MC3_MD7,Antibiotic_MC3_MD7,29-51,29,H,29,51,H,51,HH,676,7
XZ_batch2_colony8_260602_1_crop_final_with_model_head_tail_1interval,colony8,Antibiotic,3,7,MC3_MD7,Antibiotic_MC3_MD7,29-52,29,H,29,52,Q,52,HQ,131,1
XZ_batch2_colony8_260602_1_crop_final_with_model_head_tail_1interval,colony8,Antibiotic,3,7,MC3_MD7,Antibiotic_MC3_MD7,29-53,29,H,29,53,MC,53,HMC,866,4
XZ_batch2_colony8_260602_1_crop_final_with_model_head_tail_1interval,colony8,Antibiotic,3,7,MC3_MD7,Antibiotic_MC3_MD7,29-54,29,H,29,54,MC,54,HMC,284,1
XZ_batch2_colony8_260602_1_crop_final_with_model_head_tail_1interval,colony8,Antibiotic,3,7,MC3_MD7,Antibiotic_MC3_MD7,29-55,29,H,29,55,MC,55,HMC,1867,40
XZ_batch2_colony8_260602_1_crop_final_with_model_head_tail_1interval,colony8,Antibiotic,3,7,MC3_MD7,Antibiotic_MC3_MD7,29-56,29,H,29,56,MD,56,HMD,575,18
XZ_batch2_colony8_260602_1_crop_final_with_model_head_tail_1interval,colony8,Antibiotic,3,7,MC3_MD7,Antibiotic_MC3_MD7,29-59,29,H,29,59,MD,59,HMD,725,14
XZ_batch2_colony8_260602_1_crop_final_with_model_head_tail_1interval,colony8,Antibiotic,3,7,MC3_MD7,Antibiotic_MC3_MD7,29-6,29,H,29,6,H,9,HH,1891,12
XZ_batch2_colony8_260602_1_crop_final_with_model_head_tail_1interval,colony8,Antibiotic,3,7,MC3_MD7,Antibiotic_MC3_MD7,29-60,29,H,29,60,MD,60,HMD,351,3
XZ_batch2_colony8_260602_1_crop_final_with_model_head_tail_1interval,colony8,Antibiotic,3,7,MC3_MD7,Antibiotic_MC3_MD7,29-62,29,H,29,62,MD,62,HMD,294,0
XZ_batch2_colony8_260602_1_crop_final_with_model_head_tail_1interval,colony8,Antibiotic,3,7,MC3_MD7,Antibiotic_MC3_MD7,29-63,29,H,29,63,MD,63,HMD,1416,50
XZ_batch2_colony8_260602_1_crop_final_with_model_head_tail_1interval,colony8,Antibiotic,3,7,MC3_MD7,Antibiotic_MC3_MD7,29-64,29,H,29,64,MD,64,HMD,7,0
XZ_batch2_colony8_260602_1_crop_final_with_model_head_tail_1interval,colony8,Antibiotic,3,7,MC3_MD7,Antibiotic_MC3_MD7,29-65,29,H,29,65,MD,65,HMD,464,0
XZ_batch2_colony8_260602_1_crop_final_with_model_head_tail_1interval,colony8,Antibiotic,3,7,MC3_MD7,Antibiotic_MC3_MD7,29-8,29,H,29,8,H,8,HH,515,0
XZ_batch2_colony8_260602_1_crop_final_with_model_head_tail_1interval,colony8,Antibiotic,3,7,MC3_MD7,Antibiotic_MC3_MD7,30-31,30,H,30,31,H,31,HH,996,62
XZ_batch2_colony8_260602_1_crop_final_with_model_head_tail_1interval,colony8,Antibiotic,3,7,MC3_MD7,Antibiotic_MC3_MD7,30-33,30,H,30,33,H,33,HH,99,11
XZ_batch2_colony8_260602_1_crop_final_with_model_head_tail_1interval,colony8,Antibiotic,3,7,MC3_MD7,Antibiotic_MC3_MD7,30-34,30,H,30,34,H,34,HH,669,12
XZ_batch2_colony8_260602_1_crop_final_with_model_head_tail_1interval,colony8,Antibiotic,3,7,MC3_MD7,Antibiotic_MC3_MD7,30-35,30,H,30,35,H,35,HH,741,38
XZ_batch2_colony8_260602_1_crop_final_with_model_head_tail_1interval,colony8,Antibiotic,3,7,MC3_MD7,Antibiotic_MC3_MD7,30-36,30,H,30,36,H,36,HH,1382,26
XZ_batch2_colony8_260602_1_crop_final_with_model_head_tail_1interval,colony8,Antibiotic,3,7,MC3_MD7,Antibiotic_MC3_MD7,30-39,30,H,30,39,H,39,HH,409,19
XZ_batch2_colony8_260602_1_crop_final_with_model_head_tail_1interval,colony8,Antibiotic,3,7,MC3_MD7,Antibiotic_MC3_MD7,30-41,30,H,30,41,H,41,HH,633,25
XZ_batch2_colony8_260602_1_crop_final_with_model_head_tail_1interval,colony8,Antibiotic,3,7,MC3_MD7,Antibiotic_MC3_MD7,30-44,30,H,30,44,H,44,HH,551,50
XZ_batch2_colony8_260602_1_crop_final_with_model_head_tail_1interval,colony8,Antibiotic,3,7,MC3_MD7,Antibiotic_MC3_MD7,30-46,30,H,30,46,H,46,HH,304,1
XZ_batch2_colony8_260602_1_crop_final_with_model_head_tail_1interval,colony8,Antibiotic,3,7,MC3_MD7,Antibiotic_MC3_MD7,30-50,30,H,30,50,H,50,HH,269,30
XZ_batch2_colony8_260602_1_crop_final_with_model_head_tail_1interval,colony8,Antibiotic,3,7,MC3_MD7,Antibiotic_MC3_MD7,30-51,30,H,30,51,H,51,HH,541,129
XZ_batch2_colony8_260602_1_crop_final_with_model_head_tail_1interval,colony8,Antibiotic,3,7,MC3_MD7,Antibiotic_MC3_MD7,30-52,30,H,30,52,Q,52,HQ,171,0
XZ_batch2_colony8_260602_1_crop_final_with_model_head_tail_1interval,colony8,Antibiotic,3,7,MC3_MD7,Antibiotic_MC3_MD7,30-53,30,H,30,53,MC,53,HMC,1273,182
XZ_batch2_colony8_260602_1_crop_final_with_model_head_tail_1interval,colony8,Antibiotic,3,7,MC3_MD7,Antibiotic_MC3_MD7,30-54,30,H,30,54,MC,54,HMC,312,0
XZ_batch2_colony8_260602_1_crop_final_with_model_head_tail_1interval,colony8,Antibiotic,3,7,MC3_MD7,Antibiotic_MC3_MD7,30-55,30,H,30,55,MC,55,HMC,1400,53
XZ_batch2_colony8_260602_1_crop_final_with_model_head_tail_1interval,colony8,Antibiotic,3,7,MC3_MD7,Antibiotic_MC3_MD7,30-56,30,H,30,56,MD,56,HMD,767,20
XZ_batch2_colony8_260602_1_crop_final_with_model_head_tail_1interval,colony8,Antibiotic,3,7,MC3_MD7,Antibiotic_MC3_MD7,30-59,30,H,30,59,MD,59,HMD,1188,4
XZ_batch2_colony8_260602_1_crop_final_with_model_head_tail_1interval,colony8,Antibiotic,3,7,MC3_MD7,Antibiotic_MC3_MD7,30-6,30,H,30,6,H,9,HH,891,0
XZ_batch2_colony8_260602_1_crop_final_with_model_head_tail_1interval,colony8,Antibiotic,3,7,MC3_MD7,Antibiotic_MC3_MD7,30-60,30,H,30,60,MD,60,HMD,307,12
XZ_batch2_colony8_260602_1_crop_final_with_model_head_tail_1interval,colony8,Antibiotic,3,7,MC3_MD7,Antibiotic_MC3_MD7,30-62,30,H,30,62,MD,62,HMD,354,0
XZ_batch2_colony8_260602_1_crop_final_with_model_head_tail_1interval,colony8,Antibiotic,3,7,MC3_MD7,Antibiotic_MC3_MD7,30-63,30,H,30,63,MD,63,HMD,1897,28
XZ_batch2_colony8_260602_1_crop_final_with_model_head_tail_1interval,colony8,Antibiotic,3,7,MC3_MD7,Antibiotic_MC3_MD7,30-64,30,H,30,64,MD,64,HMD,2,0
XZ_batch2_colony8_260602_1_crop_final_with_model_head_tail_1interval,colony8,Antibiotic,3,7,MC3_MD7,Antibiotic_MC3_MD7,30-65,30,H,30,65,MD,65,HMD,216,0
XZ_batch2_colony8_260602_1_crop_final_with_model_head_tail_1interval,colony8,Antibiotic,3,7,MC3_MD7,Antibiotic_MC3_MD7,30-8,30,H,30,8,H,8,HH,532,0
XZ_batch2_colony8_260602_1_crop_final_with_model_head_tail_1interval,colony8,Antibiotic,3,7,MC3_MD7,Antibiotic_MC3_MD7,31-33,31,H,31,33,H,33,HH,171,0
XZ_batch2_colony8_260602_1_crop_final_with_model_head_tail_1interval,colony8,Antibiotic,3,7,MC3_MD7,Antibiotic_MC3_MD7,31-34,31,H,31,34,H,34,HH,1133,11
XZ_batch2_colony8_260602_1_crop_final_with_model_head_tail_1interval,colony8,Antibiotic,3,7,MC3_MD7,Antibiotic_MC3_MD7,31-35,31,H,31,35,H,35,HH,505,20
XZ_batch2_colony8_260602_1_crop_final_with_model_head_tail_1interval,colony8,Antibiotic,3,7,MC3_MD7,Antibiotic_MC3_MD7,31-36,31,H,31,36,H,36,HH,1624,57
XZ_batch2_colony8_260602_1_crop_final_with_model_head_tail_1interval,colony8,Antibiotic,3,7,MC3_MD7,Antibiotic_MC3_MD7,31-39,31,H,31,39,H,39,HH,737,3
XZ_batch2_colony8_260602_1_crop_final_with_model_head_tail_1interval,colony8,Antibiotic,3,7,MC3_MD7,Antibiotic_MC3_MD7,31-41,31,H,31,41,H,41,HH,579,60
XZ_batch2_colony8_260602_1_crop_final_with_model_head_tail_1interval,colony8,Antibiotic,3,7,MC3_MD7,Antibiotic_MC3_MD7,31-44,31,H,31,44,H,44,HH,739,1
XZ_batch2_colony8_260602_1_crop_final_with_model_head_tail_1interval,colony8,Antibiotic,3,7,MC3_MD7,Antibiotic_MC3_MD7,31-46,31,H,31,46,H,46,HH,311,4
XZ_batch2_colony8_260602_1_crop_final_with_model_head_tail_1interval,colony8,Antibiotic,3,7,MC3_MD7,Antibiotic_MC3_MD7,31-50,31,H,31,50,H,50,HH,534,20
XZ_batch2_colony8_260602_1_crop_final_with_model_head_tail_1interval,colony8,Antibiotic,3,7,MC3_MD7,Antibiotic_MC3_MD7,31-51,31,H,31,51,H,51,HH,903,0
XZ_batch2_colony8_260602_1_crop_final_with_model_head_tail_1interval,colony8,Antibiotic,3,7,MC3_MD7,Antibiotic_MC3_MD7,31-52,31,H,31,52,Q,52,HQ,53,0
XZ_batch2_colony8_260602_1_crop_final_with_model_head_tail_1interval,colony8,Antibiotic,3,7,MC3_MD7,Antibiotic_MC3_MD7,31-53,31,H,31,53,MC,53,HMC,1600,173
XZ_batch2_colony8_260602_1_crop_final_with_model_head_tail_1interval,colony8,Antibiotic,3,7,MC3_MD7,Antibiotic_MC3_MD7,31-54,31,H,31,54,MC,54,HMC,348,23
XZ_batch2_colony8_260602_1_crop_final_with_model_head_tail_1interval,colony8,Antibiotic,3,7,MC3_MD7,Antibiotic_MC3_MD7,31-55,31,H,31,55,MC,55,HMC,2321,81
XZ_batch2_colony8_260602_1_crop_final_with_model_head_tail_1interval,colony8,Antibiotic,3,7,MC3_MD7,Antibiotic_MC3_MD7,31-56,31,H,31,56,MD,56,HMD,979,1
XZ_batch2_colony8_260602_1_crop_final_with_model_head_tail_1interval,colony8,Antibiotic,3,7,MC3_MD7,Antibiotic_MC3_MD7,31-59,31,H,31,59,MD,59,HMD,1819,23
XZ_batch2_colony8_260602_1_crop_final_with_model_head_tail_1interval,colony8,Antibiotic,3,7,MC3_MD7,Antibiotic_MC3_MD7,31-6,31,H,31,6,H,9,HH,1151,2
XZ_batch2_colony8_260602_1_crop_final_with_model_head_tail_1interval,colony8,Antibiotic,3,7,MC3_MD7,Antibiotic_MC3_MD7,31-60,31,H,31,60,MD,60,HMD,434,1
XZ_batch2_colony8_260602_1_crop_final_with_model_head_tail_1interval,colony8,Antibiotic,3,7,MC3_MD7,Antibiotic_MC3_MD7,31-62,31,H,31,62,MD,62,HMD,677,2
XZ_batch2_colony8_260602_1_crop_final_with_model_head_tail_1interval,colony8,Antibiotic,3,7,MC3_MD7,Antibiotic_MC3_MD7,31-63,31,H,31,63,MD,63,HMD,2315,56
XZ_batch2_colony8_260602_1_crop_final_with_model_head_tail_1interval,colony8,Antibiotic,3,7,MC3_MD7,Antibiotic_MC3_MD7,31-64,31,H,31,64,MD,64,HMD,8,1
XZ_batch2_colony8_260602_1_crop_final_with_model_head_tail_1interval,colony8,Antibiotic,3,7,MC3_MD7,Antibiotic_MC3_MD7,31-65,31,H,31,65,MD,65,HMD,493,0
XZ_batch2_colony8_260602_1_crop_final_with_model_head_tail_1interval,colony8,Antibiotic,3,7,MC3_MD7,Antibiotic_MC3_MD7,31-8,31,H,31,8,H,8,HH,628,12
XZ_batch2_colony8_260602_1_crop_final_with_model_head_tail_1interval,colony8,Antibiotic,3,7,MC3_MD7,Antibiotic_MC3_MD7,33-34,33,H,33,34,H,34,HH,261,0
XZ_batch2_colony8_260602_1_crop_final_with_model_head_tail_1interval,colony8,Antibiotic,3,7,MC3_MD7,Antibiotic_MC3_MD7,33-35,33,H,33,35,H,35,HH,15,0
XZ_batch2_colony8_260602_1_crop_final_with_model_head_tail_1interval,colony8,Antibiotic,3,7,MC3_MD7,Antibiotic_MC3_MD7,33-36,33,H,33,36,H,36,HH,497,0
XZ_batch2_colony8_260602_1_crop_final_with_model_head_tail_1interval,colony8,Antibiotic,3,7,MC3_MD7,Antibiotic_MC3_MD7,33-39,33,H,33,39,H,39,HH,102,3
XZ_batch2_colony8_260602_1_crop_final_with_model_head_tail_1interval,colony8,Antibiotic,3,7,MC3_MD7,Antibiotic_MC3_MD7,33-41,33,H,33,41,H,41,HH,128,1
XZ_batch2_colony8_260602_1_crop_final_with_model_head_tail_1interval,colony8,Antibiotic,3,7,MC3_MD7,Antibiotic_MC3_MD7,33-44,33,H,33,44,H,44,HH,367,8
XZ_batch2_colony8_260602_1_crop_final_with_model_head_tail_1interval,colony8,Antibiotic,3,7,MC3_MD7,Antibiotic_MC3_MD7,33-46,33,H,33,46,H,46,HH,36,0
XZ_batch2_colony8_260602_1_crop_final_with_model_head_tail_1interval,colony8,Antibiotic,3,7,MC3_MD7,Antibiotic_MC3_MD7,33-50,33,H,33,50,H,50,HH,216,0
XZ_batch2_colony8_260602_1_crop_final_with_model_head_tail_1interval,colony8,Antibiotic,3,7,MC3_MD7,Antibiotic_MC3_MD7,33-51,33,H,33,51,H,51,HH,271,8
XZ_batch2_colony8_260602_1_crop_final_with_model_head_tail_1interval,colony8,Antibiotic,3,7,MC3_MD7,Antibiotic_MC3_MD7,33-52,33,H,33,52,Q,52,HQ,176,0
XZ_batch2_colony8_260602_1_crop_final_with_model_head_tail_1interval,colony8,Antibiotic,3,7,MC3_MD7,Antibiotic_MC3_MD7,33-53,33,H,33,53,MC,53,HMC,579,24
XZ_batch2_colony8_260602_1_crop_final_with_model_head_tail_1interval,colony8,Antibiotic,3,7,MC3_MD7,Antibiotic_MC3_MD7,33-54,33,H,33,54,MC,54,HMC,96,0
XZ_batch2_colony8_260602_1_crop_final_with_model_head_tail_1interval,colony8,Antibiotic,3,7,MC3_MD7,Antibiotic_MC3_MD7,33-55,33,H,33,55,MC,55,HMC,461,39
XZ_batch2_colony8_260602_1_crop_final_with_model_head_tail_1interval,colony8,Antibiotic,3,7,MC3_MD7,Antibiotic_MC3_MD7,33-56,33,H,33,56,MD,56,HMD,553,11
XZ_batch2_colony8_260602_1_crop_final_with_model_head_tail_1interval,colony8,Antibiotic,3,7,MC3_MD7,Antibiotic_MC3_MD7,33-59,33,H,33,59,MD,59,HMD,335,0
XZ_batch2_colony8_260602_1_crop_final_with_model_head_tail_1interval,colony8,Antibiotic,3,7,MC3_MD7,Antibiotic_MC3_MD7,33-6,33,H,33,6,H,9,HH,483,1
XZ_batch2_colony8_260602_1_crop_final_with_model_head_tail_1interval,colony8,Antibiotic,3,7,MC3_MD7,Antibiotic_MC3_MD7,33-60,33,H,33,60,MD,60,HMD,276,6
XZ_batch2_colony8_260602_1_crop_final_with_model_head_tail_1interval,colony8,Antibiotic,3,7,MC3_MD7,Antibiotic_MC3_MD7,33-62,33,H,33,62,MD,62,HMD,163,0
XZ_batch2_colony8_260602_1_crop_final_with_model_head_tail_1interval,colony8,Antibiotic,3,7,MC3_MD7,Antibiotic_MC3_MD7,33-63,33,H,33,63,MD,63,HMD,624,10
XZ_batch2_colony8_260602_1_crop_final_with_model_head_tail_1interval,colony8,Antibiotic,3,7,MC3_MD7,Antibiotic_MC3_MD7,33-64,33,H,33,64,MD,64,HMD,2,0
XZ_batch2_colony8_260602_1_crop_final_with_model_head_tail_1interval,colony8,Antibiotic,3,7,MC3_MD7,Antibiotic_MC3_MD7,33-65,33,H,33,65,MD,65,HMD,158,0
XZ_batch2_colony8_260602_1_crop_final_with_model_head_tail_1interval,colony8,Antibiotic,3,7,MC3_MD7,Antibiotic_MC3_MD7,33-8,33,H,33,8,H,8,HH,216,17
XZ_batch2_colony8_260602_1_crop_final_with_model_head_tail_1interval,colony8,Antibiotic,3,7,MC3_MD7,Antibiotic_MC3_MD7,34-35,34,H,34,35,H,35,HH,556,10
XZ_batch2_colony8_260602_1_crop_final_with_model_head_tail_1interval,colony8,Antibiotic,3,7,MC3_MD7,Antibiotic_MC3_MD7,34-36,34,H,34,36,H,36,HH,1431,20
XZ_batch2_colony8_260602_1_crop_final_with_model_head_tail_1interval,colony8,Antibiotic,3,7,MC3_MD7,Antibiotic_MC3_MD7,34-39,34,H,34,39,H,39,HH,599,1
XZ_batch2_colony8_260602_1_crop_final_with_model_head_tail_1interval,colony8,Antibiotic,3,7,MC3_MD7,Antibiotic_MC3_MD7,34-41,34,H,34,41,H,41,HH,641,1
XZ_batch2_colony8_260602_1_crop_final_with_model_head_tail_1interval,colony8,Antibiotic,3,7,MC3_MD7,Antibiotic_MC3_MD7,34-44,34,H,34,44,H,44,HH,596,0
XZ_batch2_colony8_260602_1_crop_final_with_model_head_tail_1interval,colony8,Antibiotic,3,7,MC3_MD7,Antibiotic_MC3_MD7,34-46,34,H,34,46,H,46,HH,161,4
XZ_batch2_colony8_260602_1_crop_final_with_model_head_tail_1interval,colony8,Antibiotic,3,7,MC3_MD7,Antibiotic_MC3_MD7,34-50,34,H,34,50,H,50,HH,279,0
XZ_batch2_colony8_260602_1_crop_final_with_model_head_tail_1interval,colony8,Antibiotic,3,7,MC3_MD7,Antibiotic_MC3_MD7,34-51,34,H,34,51,H,51,HH,732,7
XZ_batch2_colony8_260602_1_crop_final_with_model_head_tail_1interval,colony8,Antibiotic,3,7,MC3_MD7,Antibiotic_MC3_MD7,34-52,34,H,34,52,Q,52,HQ,183,2
XZ_batch2_colony8_260602_1_crop_final_with_model_head_tail_1interval,colony8,Antibiotic,3,7,MC3_MD7,Antibiotic_MC3_MD7,34-53,34,H,34,53,MC,53,HMC,1329,24
XZ_batch2_colony8_260602_1_crop_final_with_model_head_tail_1interval,colony8,Antibiotic,3,7,MC3_MD7,Antibiotic_MC3_MD7,34-54,34,H,34,54,MC,54,HMC,196,2
XZ_batch2_colony8_260602_1_crop_final_with_model_head_tail_1interval,colony8,Antibiotic,3,7,MC3_MD7,Antibiotic_MC3_MD7,34-55,34,H,34,55,MC,55,HMC,2145,58
XZ_batch2_colony8_260602_1_crop_final_with_model_head_tail_1interval,colony8,Antibiotic,3,7,MC3_MD7,Antibiotic_MC3_MD7,34-56,34,H,34,56,MD,56,HMD,1380,97
XZ_batch2_colony8_260602_1_crop_final_with_model_head_tail_1interval,colony8,Antibiotic,3,7,MC3_MD7,Antibiotic_MC3_MD7,34-59,34,H,34,59,MD,59,HMD,1576,15
XZ_batch2_colony8_260602_1_crop_final_with_model_head_tail_1interval,colony8,Antibiotic,3,7,MC3_MD7,Antibiotic_MC3_MD7,34-6,34,H,34,6,H,9,HH,888,35
XZ_batch2_colony8_260602_1_crop_final_with_model_head_tail_1interval,colony8,Antibiotic,3,7,MC3_MD7,Antibiotic_MC3_MD7,34-60,34,H,34,60,MD,60,HMD,352,0
XZ_batch2_colony8_260602_1_crop_final_with_model_head_tail_1interval,colony8,Antibiotic,3,7,MC3_MD7,Antibiotic_MC3_MD7,34-62,34,H,34,62,MD,62,HMD,645,0
XZ_batch2_colony8_260602_1_crop_final_with_model_head_tail_1interval,colony8,Antibiotic,3,7,MC3_MD7,Antibiotic_MC3_MD7,34-63,34,H,34,63,MD,63,HMD,2102,43
XZ_batch2_colony8_260602_1_crop_final_with_model_head_tail_1interval,colony8,Antibiotic,3,7,MC3_MD7,Antibiotic_MC3_MD7,34-64,34,H,34,64,MD,64,HMD,3,0
XZ_batch2_colony8_260602_1_crop_final_with_model_head_tail_1interval,colony8,Antibiotic,3,7,MC3_MD7,Antibiotic_MC3_MD7,34-65,34,H,34,65,MD,65,HMD,155,0
XZ_batch2_colony8_260602_1_crop_final_with_model_head_tail_1interval,colony8,Antibiotic,3,7,MC3_MD7,Antibiotic_MC3_MD7,34-8,34,H,34,8,H,8,HH,455,2
XZ_batch2_colony8_260602_1_crop_final_with_model_head_tail_1interval,colony8,Antibiotic,3,7,MC3_MD7,Antibiotic_MC3_MD7,35-36,35,H,35,36,H,36,HH,846,24
XZ_batch2_colony8_260602_1_crop_final_with_model_head_tail_1interval,colony8,Antibiotic,3,7,MC3_MD7,Antibiotic_MC3_MD7,35-39,35,H,35,39,H,39,HH,171,0
XZ_batch2_colony8_260602_1_crop_final_with_model_head_tail_1interval,colony8,Antibiotic,3,7,MC3_MD7,Antibiotic_MC3_MD7,35-41,35,H,35,41,H,41,HH,180,1
XZ_batch2_colony8_260602_1_crop_final_with_model_head_tail_1interval,colony8,Antibiotic,3,7,MC3_MD7,Antibiotic_MC3_MD7,35-44,35,H,35,44,H,44,HH,973,1
XZ_batch2_colony8_260602_1_crop_final_with_model_head_tail_1interval,colony8,Antibiotic,3,7,MC3_MD7,Antibiotic_MC3_MD7,35-46,35,H,35,46,H,46,HH,501,28
XZ_batch2_colony8_260602_1_crop_final_with_model_head_tail_1interval,colony8,Antibiotic,3,7,MC3_MD7,Antibiotic_MC3_MD7,35-50,35,H,35,50,H,50,HH,188,7
XZ_batch2_colony8_260602_1_crop_final_with_model_head_tail_1interval,colony8,Antibiotic,3,7,MC3_MD7,Antibiotic_MC3_MD7,35-51,35,H,35,51,H,51,HH,511,16
XZ_batch2_colony8_260602_1_crop_final_with_model_head_tail_1interval,colony8,Antibiotic,3,7,MC3_MD7,Antibiotic_MC3_MD7,35-52,35,H,35,52,Q,52,HQ,85,0
XZ_batch2_colony8_260602_1_crop_final_with_model_head_tail_1interval,colony8,Antibiotic,3,7,MC3_MD7,Antibiotic_MC3_MD7,35-53,35,H,35,53,MC,53,HMC,649,0
XZ_batch2_colony8_260602_1_crop_final_with_model_head_tail_1interval,colony8,Antibiotic,3,7,MC3_MD7,Antibiotic_MC3_MD7,35-54,35,H,35,54,MC,54,HMC,450,5
XZ_batch2_colony8_260602_1_crop_final_with_model_head_tail_1interval,colony8,Antibiotic,3,7,MC3_MD7,Antibiotic_MC3_MD7,35-55,35,H,35,55,MC,55,HMC,1799,63
XZ_batch2_colony8_260602_1_crop_final_with_model_head_tail_1interval,colony8,Antibiotic,3,7,MC3_MD7,Antibiotic_MC3_MD7,35-56,35,H,35,56,MD,56,HMD,746,16
XZ_batch2_colony8_260602_1_crop_final_with_model_head_tail_1interval,colony8,Antibiotic,3,7,MC3_MD7,Antibiotic_MC3_MD7,35-59,35,H,35,59,MD,59,HMD,930,13
XZ_batch2_colony8_260602_1_crop_final_with_model_head_tail_1interval,colony8,Antibiotic,3,7,MC3_MD7,Antibiotic_MC3_MD7,35-6,35,H,35,6,H,9,HH,1229,1
XZ_batch2_colony8_260602_1_crop_final_with_model_head_tail_1interval,colony8,Antibiotic,3,7,MC3_MD7,Antibiotic_MC3_MD7,35-60,35,H,35,60,MD,60,HMD,40,0
XZ_batch2_colony8_260602_1_crop_final_with_model_head_tail_1interval,colony8,Antibiotic,3,7,MC3_MD7,Antibiotic_MC3_MD7,35-62,35,H,35,62,MD,62,HMD,21,0
XZ_batch2_colony8_260602_1_crop_final_with_model_head_tail_1interval,colony8,Antibiotic,3,7,MC3_MD7,Antibiotic_MC3_MD7,35-63,35,H,35,63,MD,63,HMD,1946,13
XZ_batch2_colony8_260602_1_crop_final_with_model_head_tail_1interval,colony8,Antibiotic,3,7,MC3_MD7,Antibiotic_MC3_MD7,35-64,35,H,35,64,MD,64,HMD,3,0
XZ_batch2_colony8_260602_1_crop_final_with_model_head_tail_1interval,colony8,Antibiotic,3,7,MC3_MD7,Antibiotic_MC3_MD7,35-65,35,H,35,65,MD,65,HMD,392,1
XZ_batch2_colony8_260602_1_crop_final_with_model_head_tail_1interval,colony8,Antibiotic,3,7,MC3_MD7,Antibiotic_MC3_MD7,35-8,35,H,35,8,H,8,HH,214,0
XZ_batch2_colony8_260602_1_crop_final_with_model_head_tail_1interval,colony8,Antibiotic,3,7,MC3_MD7,Antibiotic_MC3_MD7,36-39,36,H,36,39,H,39,HH,1580,94
XZ_batch2_colony8_260602_1_crop_final_with_model_head_tail_1interval,colony8,Antibiotic,3,7,MC3_MD7,Antibiotic_MC3_MD7,36-41,36,H,36,41,H,41,HH,568,35
XZ_batch2_colony8_260602_1_crop_final_with_model_head_tail_1interval,colony8,Antibiotic,3,7,MC3_MD7,Antibiotic_MC3_MD7,36-44,36,H,36,44,H,44,HH,1448,5
XZ_batch2_colony8_260602_1_crop_final_with_model_head_tail_1interval,colony8,Antibiotic,3,7,MC3_MD7,Antibiotic_MC3_MD7,36-46,36,H,36,46,H,46,HH,729,0
XZ_batch2_colony8_260602_1_crop_final_with_model_head_tail_1interval,colony8,Antibiotic,3,7,MC3_MD7,Antibiotic_MC3_MD7,36-50,36,H,36,50,H,50,HH,754,1
XZ_batch2_colony8_260602_1_crop_final_with_model_head_tail_1interval,colony8,Antibiotic,3,7,MC3_MD7,Antibiotic_MC3_MD7,36-51,36,H,36,51,H,51,HH,1176,58
XZ_batch2_colony8_260602_1_crop_final_with_model_head_tail_1interval,colony8,Antibiotic,3,7,MC3_MD7,Antibiotic_MC3_MD7,36-52,36,H,36,52,Q,52,HQ,426,1
XZ_batch2_colony8_260602_1_crop_final_with_model_head_tail_1interval,colony8,Antibiotic,3,7,MC3_MD7,Antibiotic_MC3_MD7,36-53,36,H,36,53,MC,53,HMC,3309,260
XZ_batch2_colony8_260602_1_crop_final_with_model_head_tail_1interval,colony8,Antibiotic,3,7,MC3_MD7,Antibiotic_MC3_MD7,36-54,36,H,36,54,MC,54,HMC,604,6
XZ_batch2_colony8_260602_1_crop_final_with_model_head_tail_1interval,colony8,Antibiotic,3,7,MC3_MD7,Antibiotic_MC3_MD7,36-55,36,H,36,55,MC,55,HMC,3396,148
XZ_batch2_colony8_260602_1_crop_final_with_model_head_tail_1interval,colony8,Antibiotic,3,7,MC3_MD7,Antibiotic_MC3_MD7,36-56,36,H,36,56,MD,56,HMD,1934,168
XZ_batch2_colony8_260602_1_crop_final_with_model_head_tail_1interval,colony8,Antibiotic,3,7,MC3_MD7,Antibiotic_MC3_MD7,36-59,36,H,36,59,MD,59,HMD,2179,32
XZ_batch2_colony8_260602_1_crop_final_with_model_head_tail_1interval,colony8,Antibiotic,3,7,MC3_MD7,Antibiotic_MC3_MD7,36-6,36,H,36,6,H,9,HH,2559,48
XZ_batch2_colony8_260602_1_crop_final_with_model_head_tail_1interval,colony8,Antibiotic,3,7,MC3_MD7,Antibiotic_MC3_MD7,36-60,36,H,36,60,MD,60,HMD,696,7
XZ_batch2_colony8_260602_1_crop_final_with_model_head_tail_1interval,colony8,Antibiotic,3,7,MC3_MD7,Antibiotic_MC3_MD7,36-62,36,H,36,62,MD,62,HMD,1337,1
XZ_batch2_colony8_260602_1_crop_final_with_model_head_tail_1interval,colony8,Antibiotic,3,7,MC3_MD7,Antibiotic_MC3_MD7,36-63,36,H,36,63,MD,63,HMD,3726,23
XZ_batch2_colony8_260602_1_crop_final_with_model_head_tail_1interval,colony8,Antibiotic,3,7,MC3_MD7,Antibiotic_MC3_MD7,36-64,36,H,36,64,MD,64,HMD,7,1
XZ_batch2_colony8_260602_1_crop_final_with_model_head_tail_1interval,colony8,Antibiotic,3,7,MC3_MD7,Antibiotic_MC3_MD7,36-65,36,H,36,65,MD,65,HMD,839,1
XZ_batch2_colony8_260602_1_crop_final_with_model_head_tail_1interval,colony8,Antibiotic,3,7,MC3_MD7,Antibiotic_MC3_MD7,36-8,36,H,36,8,H,8,HH,792,40
XZ_batch2_colony8_260602_1_crop_final_with_model_head_tail_1interval,colony8,Antibiotic,3,7,MC3_MD7,Antibiotic_MC3_MD7,39-41,39,H,39,41,H,41,HH,48,2
XZ_batch2_colony8_260602_1_crop_final_with_model_head_tail_1interval,colony8,Antibiotic,3,7,MC3_MD7,Antibiotic_MC3_MD7,39-44,39,H,39,44,H,44,HH,652,10
XZ_batch2_colony8_260602_1_crop_final_with_model_head_tail_1interval,colony8,Antibiotic,3,7,MC3_MD7,Antibiotic_MC3_MD7,39-46,39,H,39,46,H,46,HH,430,26
XZ_batch2_colony8_260602_1_crop_final_with_model_head_tail_1interval,colony8,Antibiotic,3,7,MC3_MD7,Antibiotic_MC3_MD7,39-50,39,H,39,50,H,50,HH,194,4
XZ_batch2_colony8_260602_1_crop_final_with_model_head_tail_1interval,colony8,Antibiotic,3,7,MC3_MD7,Antibiotic_MC3_MD7,39-51,39,H,39,51,H,51,HH,474,6
XZ_batch2_colony8_260602_1_crop_final_with_model_head_tail_1interval,colony8,Antibiotic,3,7,MC3_MD7,Antibiotic_MC3_MD7,39-52,39,H,39,52,Q,52,HQ,73,0
XZ_batch2_colony8_260602_1_crop_final_with_model_head_tail_1interval,colony8,Antibiotic,3,7,MC3_MD7,Antibiotic_MC3_MD7,39-53,39,H,39,53,MC,53,HMC,1063,25
XZ_batch2_colony8_260602_1_crop_final_with_model_head_tail_1interval,colony8,Antibiotic,3,7,MC3_MD7,Antibiotic_MC3_MD7,39-54,39,H,39,54,MC,54,HMC,75,0
XZ_batch2_colony8_260602_1_crop_final_with_model_head_tail_1interval,colony8,Antibiotic,3,7,MC3_MD7,Antibiotic_MC3_MD7,39-55,39,H,39,55,MC,55,HMC,1599,121
XZ_batch2_colony8_260602_1_crop_final_with_model_head_tail_1interval,colony8,Antibiotic,3,7,MC3_MD7,Antibiotic_MC3_MD7,39-56,39,H,39,56,MD,56,HMD,679,27
XZ_batch2_colony8_260602_1_crop_final_with_model_head_tail_1interval,colony8,Antibiotic,3,7,MC3_MD7,Antibiotic_MC3_MD7,39-59,39,H,39,59,MD,59,HMD,734,7
XZ_batch2_colony8_260602_1_crop_final_with_model_head_tail_1interval,colony8,Antibiotic,3,7,MC3_MD7,Antibiotic_MC3_MD7,39-6,39,H,39,6,H,9,HH,1859,18
XZ_batch2_colony8_260602_1_crop_final_with_model_head_tail_1interval,colony8,Antibiotic,3,7,MC3_MD7,Antibiotic_MC3_MD7,39-60,39,H,39,60,MD,60,HMD,201,0
XZ_batch2_colony8_260602_1_crop_final_with_model_head_tail_1interval,colony8,Antibiotic,3,7,MC3_MD7,Antibiotic_MC3_MD7,39-62,39,H,39,62,MD,62,HMD,620,0
XZ_batch2_colony8_260602_1_crop_final_with_model_head_tail_1interval,colony8,Antibiotic,3,7,MC3_MD7,Antibiotic_MC3_MD7,39-63,39,H,39,63,MD,63,HMD,1600,80
XZ_batch2_colony8_260602_1_crop_final_with_model_head_tail_1interval,colony8,Antibiotic,3,7,MC3_MD7,Antibiotic_MC3_MD7,39-65,39,H,39,65,MD,65,HMD,539,2
XZ_batch2_colony8_260602_1_crop_final_with_model_head_tail_1interval,colony8,Antibiotic,3,7,MC3_MD7,Antibiotic_MC3_MD7,39-8,39,H,39,8,H,8,HH,383,3
XZ_batch2_colony8_260602_1_crop_final_with_model_head_tail_1interval,colony8,Antibiotic,3,7,MC3_MD7,Antibiotic_MC3_MD7,41-44,41,H,41,44,H,44,HH,559,0
XZ_batch2_colony8_260602_1_crop_final_with_model_head_tail_1interval,colony8,Antibiotic,3,7,MC3_MD7,Antibiotic_MC3_MD7,41-46,41,H,41,46,H,46,HH,150,1
XZ_batch2_colony8_260602_1_crop_final_with_model_head_tail_1interval,colony8,Antibiotic,3,7,MC3_MD7,Antibiotic_MC3_MD7,41-50,41,H,41,50,H,50,HH,51,0
XZ_batch2_colony8_260602_1_crop_final_with_model_head_tail_1interval,colony8,Antibiotic,3,7,MC3_MD7,Antibiotic_MC3_MD7,41-51,41,H,41,51,H,51,HH,415,0
XZ_batch2_colony8_260602_1_crop_final_with_model_head_tail_1interval,colony8,Antibiotic,3,7,MC3_MD7,Antibiotic_MC3_MD7,41-52,41,H,41,52,Q,52,HQ,151,0
XZ_batch2_colony8_260602_1_crop_final_with_model_head_tail_1interval,colony8,Antibiotic,3,7,MC3_MD7,Antibiotic_MC3_MD7,41-53,41,H,41,53,MC,53,HMC,1424,6
XZ_batch2_colony8_260602_1_crop_final_with_model_head_tail_1interval,colony8,Antibiotic,3,7,MC3_MD7,Antibiotic_MC3_MD7,41-54,41,H,41,54,MC,54,HMC,91,0
XZ_batch2_colony8_260602_1_crop_final_with_model_head_tail_1interval,colony8,Antibiotic,3,7,MC3_MD7,Antibiotic_MC3_MD7,41-55,41,H,41,55,MC,55,HMC,940,45
XZ_batch2_colony8_260602_1_crop_final_with_model_head_tail_1interval,colony8,Antibiotic,3,7,MC3_MD7,Antibiotic_MC3_MD7,41-56,41,H,41,56,MD,56,HMD,364,0
XZ_batch2_colony8_260602_1_crop_final_with_model_head_tail_1interval,colony8,Antibiotic,3,7,MC3_MD7,Antibiotic_MC3_MD7,41-59,41,H,41,59,MD,59,HMD,1224,38
XZ_batch2_colony8_260602_1_crop_final_with_model_head_tail_1interval,colony8,Antibiotic,3,7,MC3_MD7,Antibiotic_MC3_MD7,41-6,41,H,41,6,H,9,HH,511,0
XZ_batch2_colony8_260602_1_crop_final_with_model_head_tail_1interval,colony8,Antibiotic,3,7,MC3_MD7,Antibiotic_MC3_MD7,41-60,41,H,41,60,MD,60,HMD,419,0
XZ_batch2_colony8_260602_1_crop_final_with_model_head_tail_1interval,colony8,Antibiotic,3,7,MC3_MD7,Antibiotic_MC3_MD7,41-62,41,H,41,62,MD,62,HMD,401,0
XZ_batch2_colony8_260602_1_crop_final_with_model_head_tail_1interval,colony8,Antibiotic,3,7,MC3_MD7,Antibiotic_MC3_MD7,41-63,41,H,41,63,MD,63,HMD,1115,2
XZ_batch2_colony8_260602_1_crop_final_with_model_head_tail_1interval,colony8,Antibiotic,3,7,MC3_MD7,Antibiotic_MC3_MD7,41-64,41,H,41,64,MD,64,HMD,1,0
XZ_batch2_colony8_260602_1_crop_final_with_model_head_tail_1interval,colony8,Antibiotic,3,7,MC3_MD7,Antibiotic_MC3_MD7,41-65,41,H,41,65,MD,65,HMD,230,0
XZ_batch2_colony8_260602_1_crop_final_with_model_head_tail_1interval,colony8,Antibiotic,3,7,MC3_MD7,Antibiotic_MC3_MD7,41-8,41,H,41,8,H,8,HH,443,23
XZ_batch2_colony8_260602_1_crop_final_with_model_head_tail_1interval,colony8,Antibiotic,3,7,MC3_MD7,Antibiotic_MC3_MD7,44-46,44,H,44,46,H,46,HH,316,2
XZ_batch2_colony8_260602_1_crop_final_with_model_head_tail_1interval,colony8,Antibiotic,3,7,MC3_MD7,Antibiotic_MC3_MD7,44-50,44,H,44,50,H,50,HH,422,6
XZ_batch2_colony8_260602_1_crop_final_with_model_head_tail_1interval,colony8,Antibiotic,3,7,MC3_MD7,Antibiotic_MC3_MD7,44-51,44,H,44,51,H,51,HH,1368,27
XZ_batch2_colony8_260602_1_crop_final_with_model_head_tail_1interval,colony8,Antibiotic,3,7,MC3_MD7,Antibiotic_MC3_MD7,44-52,44,H,44,52,Q,52,HQ,267,22
XZ_batch2_colony8_260602_1_crop_final_with_model_head_tail_1interval,colony8,Antibiotic,3,7,MC3_MD7,Antibiotic_MC3_MD7,44-53,44,H,44,53,MC,53,HMC,2456,148
XZ_batch2_colony8_260602_1_crop_final_with_model_head_tail_1interval,colony8,Antibiotic,3,7,MC3_MD7,Antibiotic_MC3_MD7,44-54,44,H,44,54,MC,54,HMC,896,115
XZ_batch2_colony8_260602_1_crop_final_with_model_head_tail_1interval,colony8,Antibiotic,3,7,MC3_MD7,Antibiotic_MC3_MD7,44-55,44,H,44,55,MC,55,HMC,3389,48
XZ_batch2_colony8_260602_1_crop_final_with_model_head_tail_1interval,colony8,Antibiotic,3,7,MC3_MD7,Antibiotic_MC3_MD7,44-56,44,H,44,56,MD,56,HMD,1112,59
XZ_batch2_colony8_260602_1_crop_final_with_model_head_tail_1interval,colony8,Antibiotic,3,7,MC3_MD7,Antibiotic_MC3_MD7,44-59,44,H,44,59,MD,59,HMD,1682,27
XZ_batch2_colony8_260602_1_crop_final_with_model_head_tail_1interval,colony8,Antibiotic,3,7,MC3_MD7,Antibiotic_MC3_MD7,44-6,44,H,44,6,H,9,HH,2949,21
XZ_batch2_colony8_260602_1_crop_final_with_model_head_tail_1interval,colony8,Antibiotic,3,7,MC3_MD7,Antibiotic_MC3_MD7,44-60,44,H,44,60,MD,60,HMD,795,2
XZ_batch2_colony8_260602_1_crop_final_with_model_head_tail_1interval,colony8,Antibiotic,3,7,MC3_MD7,Antibiotic_MC3_MD7,44-62,44,H,44,62,MD,62,HMD,542,1
XZ_batch2_colony8_260602_1_crop_final_with_model_head_tail_1interval,colony8,Antibiotic,3,7,MC3_MD7,Antibiotic_MC3_MD7,44-63,44,H,44,63,MD,63,HMD,2799,230
XZ_batch2_colony8_260602_1_crop_final_with_model_head_tail_1interval,colony8,Antibiotic,3,7,MC3_MD7,Antibiotic_MC3_MD7,44-64,44,H,44,64,MD,64,HMD,3,0
XZ_batch2_colony8_260602_1_crop_final_with_model_head_tail_1interval,colony8,Antibiotic,3,7,MC3_MD7,Antibiotic_MC3_MD7,44-65,44,H,44,65,MD,65,HMD,815,0
XZ_batch2_colony8_260602_1_crop_final_with_model_head_tail_1interval,colony8,Antibiotic,3,7,MC3_MD7,Antibiotic_MC3_MD7,44-8,44,H,44,8,H,8,HH,838,15
XZ_batch2_colony8_260602_1_crop_final_with_model_head_tail_1interval,colony8,Antibiotic,3,7,MC3_MD7,Antibiotic_MC3_MD7,46-50,46,H,46,50,H,50,HH,230,15
XZ_batch2_colony8_260602_1_crop_final_with_model_head_tail_1interval,colony8,Antibiotic,3,7,MC3_MD7,Antibiotic_MC3_MD7,46-51,46,H,46,51,H,51,HH,332,8
XZ_batch2_colony8_260602_1_crop_final_with_model_head_tail_1interval,colony8,Antibiotic,3,7,MC3_MD7,Antibiotic_MC3_MD7,46-52,46,H,46,52,Q,52,HQ,33,0
XZ_batch2_colony8_260602_1_crop_final_with_model_head_tail_1interval,colony8,Antibiotic,3,7,MC3_MD7,Antibiotic_MC3_MD7,46-53,46,H,46,53,MC,53,HMC,995,10
XZ_batch2_colony8_260602_1_crop_final_with_model_head_tail_1interval,colony8,Antibiotic,3,7,MC3_MD7,Antibiotic_MC3_MD7,46-54,46,H,46,54,MC,54,HMC,254,0
XZ_batch2_colony8_260602_1_crop_final_with_model_head_tail_1interval,colony8,Antibiotic,3,7,MC3_MD7,Antibiotic_MC3_MD7,46-55,46,H,46,55,MC,55,HMC,1385,80
XZ_batch2_colony8_260602_1_crop_final_with_model_head_tail_1interval,colony8,Antibiotic,3,7,MC3_MD7,Antibiotic_MC3_MD7,46-56,46,H,46,56,MD,56,HMD,201,5
XZ_batch2_colony8_260602_1_crop_final_with_model_head_tail_1interval,colony8,Antibiotic,3,7,MC3_MD7,Antibiotic_MC3_MD7,46-59,46,H,46,59,MD,59,HMD,747,13
XZ_batch2_colony8_260602_1_crop_final_with_model_head_tail_1interval,colony8,Antibiotic,3,7,MC3_MD7,Antibiotic_MC3_MD7,46-6,46,H,46,6,H,9,HH,725,29
XZ_batch2_colony8_260602_1_crop_final_with_model_head_tail_1interval,colony8,Antibiotic,3,7,MC3_MD7,Antibiotic_MC3_MD7,46-60,46,H,46,60,MD,60,HMD,227,1
XZ_batch2_colony8_260602_1_crop_final_with_model_head_tail_1interval,colony8,Antibiotic,3,7,MC3_MD7,Antibiotic_MC3_MD7,46-62,46,H,46,62,MD,62,HMD,425,0
XZ_batch2_colony8_260602_1_crop_final_with_model_head_tail_1interval,colony8,Antibiotic,3,7,MC3_MD7,Antibiotic_MC3_MD7,46-63,46,H,46,63,MD,63,HMD,806,5
XZ_batch2_colony8_260602_1_crop_final_with_model_head_tail_1interval,colony8,Antibiotic,3,7,MC3_MD7,Antibiotic_MC3_MD7,46-64,46,H,46,64,MD,64,HMD,1,0
XZ_batch2_colony8_260602_1_crop_final_with_model_head_tail_1interval,colony8,Antibiotic,3,7,MC3_MD7,Antibiotic_MC3_MD7,46-65,46,H,46,65,MD,65,HMD,469,1
XZ_batch2_colony8_260602_1_crop_final_with_model_head_tail_1interval,colony8,Antibiotic,3,7,MC3_MD7,Antibiotic_MC3_MD7,46-8,46,H,46,8,H,8,HH,145,18
XZ_batch2_colony8_260602_1_crop_final_with_model_head_tail_1interval,colony8,Antibiotic,3,7,MC3_MD7,Antibiotic_MC3_MD7,50-51,50,H,50,51,H,51,HH,477,27
XZ_batch2_colony8_260602_1_crop_final_with_model_head_tail_1interval,colony8,Antibiotic,3,7,MC3_MD7,Antibiotic_MC3_MD7,50-52,50,H,50,52,Q,52,HQ,109,0
XZ_batch2_colony8_260602_1_crop_final_with_model_head_tail_1interval,colony8,Antibiotic,3,7,MC3_MD7,Antibiotic_MC3_MD7,50-53,50,H,50,53,MC,53,HMC,730,0
XZ_batch2_colony8_260602_1_crop_final_with_model_head_tail_1interval,colony8,Antibiotic,3,7,MC3_MD7,Antibiotic_MC3_MD7,50-54,50,H,50,54,MC,54,HMC,194,0
XZ_batch2_colony8_260602_1_crop_final_with_model_head_tail_1interval,colony8,Antibiotic,3,7,MC3_MD7,Antibiotic_MC3_MD7,50-55,50,H,50,55,MC,55,HMC,923,24
XZ_batch2_colony8_260602_1_crop_final_with_model_head_tail_1interval,colony8,Antibiotic,3,7,MC3_MD7,Antibiotic_MC3_MD7,50-56,50,H,50,56,MD,56,HMD,453,2
XZ_batch2_colony8_260602_1_crop_final_with_model_head_tail_1interval,colony8,Antibiotic,3,7,MC3_MD7,Antibiotic_MC3_MD7,50-59,50,H,50,59,MD,59,HMD,734,43
XZ_batch2_colony8_260602_1_crop_final_with_model_head_tail_1interval,colony8,Antibiotic,3,7,MC3_MD7,Antibiotic_MC3_MD7,50-6,50,H,50,6,H,9,HH,593,3
XZ_batch2_colony8_260602_1_crop_final_with_model_head_tail_1interval,colony8,Antibiotic,3,7,MC3_MD7,Antibiotic_MC3_MD7,50-60,50,H,50,60,MD,60,HMD,234,0
XZ_batch2_colony8_260602_1_crop_final_with_model_head_tail_1interval,colony8,Antibiotic,3,7,MC3_MD7,Antibiotic_MC3_MD7,50-62,50,H,50,62,MD,62,HMD,528,0
XZ_batch2_colony8_260602_1_crop_final_with_model_head_tail_1interval,colony8,Antibiotic,3,7,MC3_MD7,Antibiotic_MC3_MD7,50-63,50,H,50,63,MD,63,HMD,865,1
XZ_batch2_colony8_260602_1_crop_final_with_model_head_tail_1interval,colony8,Antibiotic,3,7,MC3_MD7,Antibiotic_MC3_MD7,50-64,50,H,50,64,MD,64,HMD,2,0
XZ_batch2_colony8_260602_1_crop_final_with_model_head_tail_1interval,colony8,Antibiotic,3,7,MC3_MD7,Antibiotic_MC3_MD7,50-65,50,H,50,65,MD,65,HMD,223,0
XZ_batch2_colony8_260602_1_crop_final_with_model_head_tail_1interval,colony8,Antibiotic,3,7,MC3_MD7,Antibiotic_MC3_MD7,50-8,50,H,50,8,H,8,HH,355,1
XZ_batch2_colony8_260602_1_crop_final_with_model_head_tail_1interval,colony8,Antibiotic,3,7,MC3_MD7,Antibiotic_MC3_MD7,51-52,51,H,51,52,Q,52,HQ,304,1
XZ_batch2_colony8_260602_1_crop_final_with_model_head_tail_1interval,colony8,Antibiotic,3,7,MC3_MD7,Antibiotic_MC3_MD7,51-53,51,H,51,53,MC,53,HMC,1867,215
XZ_batch2_colony8_260602_1_crop_final_with_model_head_tail_1interval,colony8,Antibiotic,3,7,MC3_MD7,Antibiotic_MC3_MD7,51-54,51,H,51,54,MC,54,HMC,1017,2
XZ_batch2_colony8_260602_1_crop_final_with_model_head_tail_1interval,colony8,Antibiotic,3,7,MC3_MD7,Antibiotic_MC3_MD7,51-55,51,H,51,55,MC,55,HMC,2216,86
XZ_batch2_colony8_260602_1_crop_final_with_model_head_tail_1interval,colony8,Antibiotic,3,7,MC3_MD7,Antibiotic_MC3_MD7,51-56,51,H,51,56,MD,56,HMD,877,0
XZ_batch2_colony8_260602_1_crop_final_with_model_head_tail_1interval,colony8,Antibiotic,3,7,MC3_MD7,Antibiotic_MC3_MD7,51-59,51,H,51,59,MD,59,HMD,2172,0
XZ_batch2_colony8_260602_1_crop_final_with_model_head_tail_1interval,colony8,Antibiotic,3,7,MC3_MD7,Antibiotic_MC3_MD7,51-6,51,H,51,6,H,9,HH,1891,27
XZ_batch2_colony8_260602_1_crop_final_with_model_head_tail_1interval,colony8,Antibiotic,3,7,MC3_MD7,Antibiotic_MC3_MD7,51-60,51,H,51,60,MD,60,HMD,441,3
XZ_batch2_colony8_260602_1_crop_final_with_model_head_tail_1interval,colony8,Antibiotic,3,7,MC3_MD7,Antibiotic_MC3_MD7,51-62,51,H,51,62,MD,62,HMD,169,0
XZ_batch2_colony8_260602_1_crop_final_with_model_head_tail_1interval,colony8,Antibiotic,3,7,MC3_MD7,Antibiotic_MC3_MD7,51-63,51,H,51,63,MD,63,HMD,2613,95
XZ_batch2_colony8_260602_1_crop_final_with_model_head_tail_1interval,colony8,Antibiotic,3,7,MC3_MD7,Antibiotic_MC3_MD7,51-64,51,H,51,64,MD,64,HMD,7,0
XZ_batch2_colony8_260602_1_crop_final_with_model_head_tail_1interval,colony8,Antibiotic,3,7,MC3_MD7,Antibiotic_MC3_MD7,51-65,51,H,51,65,MD,65,HMD,862,0
XZ_batch2_colony8_260602_1_crop_final_with_model_head_tail_1interval,colony8,Antibiotic,3,7,MC3_MD7,Antibiotic_MC3_MD7,51-8,51,H,51,8,H,8,HH,580,12
XZ_batch2_colony8_260602_1_crop_final_with_model_head_tail_1interval,colony8,Antibiotic,3,7,MC3_MD7,Antibiotic_MC3_MD7,52-53,52,Q,52,53,MC,53,MCQ,353,1
XZ_batch2_colony8_260602_1_crop_final_with_model_head_tail_1interval,colony8,Antibiotic,3,7,MC3_MD7,Antibiotic_MC3_MD7,52-54,52,Q,52,54,MC,54,MCQ,116,2
XZ_batch2_colony8_260602_1_crop_final_with_model_head_tail_1interval,colony8,Antibiotic,3,7,MC3_MD7,Antibiotic_MC3_MD7,52-55,52,Q,52,55,MC,55,MCQ,575,7
XZ_batch2_colony8_260602_1_crop_final_with_model_head_tail_1interval,colony8,Antibiotic,3,7,MC3_MD7,Antibiotic_MC3_MD7,52-56,52,Q,52,56,MD,56,MDQ,269,3
XZ_batch2_colony8_260602_1_crop_final_with_model_head_tail_1interval,colony8,Antibiotic,3,7,MC3_MD7,Antibiotic_MC3_MD7,52-59,52,Q,52,59,MD,59,MDQ,322,6
XZ_batch2_colony8_260602_1_crop_final_with_model_head_tail_1interval,colony8,Antibiotic,3,7,MC3_MD7,Antibiotic_MC3_MD7,52-6,52,Q,52,6,H,9,HQ,407,0
XZ_batch2_colony8_260602_1_crop_final_with_model_head_tail_1interval,colony8,Antibiotic,3,7,MC3_MD7,Antibiotic_MC3_MD7,52-60,52,Q,52,60,MD,60,MDQ,43,0
XZ_batch2_colony8_260602_1_crop_final_with_model_head_tail_1interval,colony8,Antibiotic,3,7,MC3_MD7,Antibiotic_MC3_MD7,52-62,52,Q,52,62,MD,62,MDQ,87,0
XZ_batch2_colony8_260602_1_crop_final_with_model_head_tail_1interval,colony8,Antibiotic,3,7,MC3_MD7,Antibiotic_MC3_MD7,52-63,52,Q,52,63,MD,63,MDQ,329,0
XZ_batch2_colony8_260602_1_crop_final_with_model_head_tail_1interval,colony8,Antibiotic,3,7,MC3_MD7,Antibiotic_MC3_MD7,52-65,52,Q,52,65,MD,65,MDQ,102,1
XZ_batch2_colony8_260602_1_crop_final_with_model_head_tail_1interval,colony8,Antibiotic,3,7,MC3_MD7,Antibiotic_MC3_MD7,52-8,52,Q,52,8,H,8,HQ,103,0
XZ_batch2_colony8_260602_1_crop_final_with_model_head_tail_1interval,colony8,Antibiotic,3,7,MC3_MD7,Antibiotic_MC3_MD7,53-54,53,MC,53,54,MC,54,MCMC,1031,43
XZ_batch2_colony8_260602_1_crop_final_with_model_head_tail_1interval,colony8,Antibiotic,3,7,MC3_MD7,Antibiotic_MC3_MD7,53-55,53,MC,53,55,MC,55,MCMC,4267,186
XZ_batch2_colony8_260602_1_crop_final_with_model_head_tail_1interval,colony8,Antibiotic,3,7,MC3_MD7,Antibiotic_MC3_MD7,53-56,53,MC,53,56,MD,56,MCMD,1874,2
XZ_batch2_colony8_260602_1_crop_final_with_model_head_tail_1interval,colony8,Antibiotic,3,7,MC3_MD7,Antibiotic_MC3_MD7,53-59,53,MC,53,59,MD,59,MCMD,3080,48
XZ_batch2_colony8_260602_1_crop_final_with_model_head_tail_1interval,colony8,Antibiotic,3,7,MC3_MD7,Antibiotic_MC3_MD7,53-6,53,MC,53,6,H,9,HMC,2343,117
XZ_batch2_colony8_260602_1_crop_final_with_model_head_tail_1interval,colony8,Antibiotic,3,7,MC3_MD7,Antibiotic_MC3_MD7,53-60,53,MC,53,60,MD,60,MCMD,1092,25
XZ_batch2_colony8_260602_1_crop_final_with_model_head_tail_1interval,colony8,Antibiotic,3,7,MC3_MD7,Antibiotic_MC3_MD7,53-62,53,MC,53,62,MD,62,MCMD,1326,0
XZ_batch2_colony8_260602_1_crop_final_with_model_head_tail_1interval,colony8,Antibiotic,3,7,MC3_MD7,Antibiotic_MC3_MD7,53-63,53,MC,53,63,MD,63,MCMD,3466,93
XZ_batch2_colony8_260602_1_crop_final_with_model_head_tail_1interval,colony8,Antibiotic,3,7,MC3_MD7,Antibiotic_MC3_MD7,53-64,53,MC,53,64,MD,64,MCMD,9,2
XZ_batch2_colony8_260602_1_crop_final_with_model_head_tail_1interval,colony8,Antibiotic,3,7,MC3_MD7,Antibiotic_MC3_MD7,53-65,53,MC,53,65,MD,65,MCMD,1001,20
XZ_batch2_colony8_260602_1_crop_final_with_model_head_tail_1interval,colony8,Antibiotic,3,7,MC3_MD7,Antibiotic_MC3_MD7,53-8,53,MC,53,8,H,8,HMC,821,2
XZ_batch2_colony8_260602_1_crop_final_with_model_head_tail_1interval,colony8,Antibiotic,3,7,MC3_MD7,Antibiotic_MC3_MD7,54-55,54,MC,54,55,MC,55,MCMC,1341,35
XZ_batch2_colony8_260602_1_crop_final_with_model_head_tail_1interval,colony8,Antibiotic,3,7,MC3_MD7,Antibiotic_MC3_MD7,54-56,54,MC,54,56,MD,56,MCMD,574,17
XZ_batch2_colony8_260602_1_crop_final_with_model_head_tail_1interval,colony8,Antibiotic,3,7,MC3_MD7,Antibiotic_MC3_MD7,54-59,54,MC,54,59,MD,59,MCMD,831,10
XZ_batch2_colony8_260602_1_crop_final_with_model_head_tail_1interval,colony8,Antibiotic,3,7,MC3_MD7,Antibiotic_MC3_MD7,54-6,54,MC,54,6,H,9,HMC,1266,109
XZ_batch2_colony8_260602_1_crop_final_with_model_head_tail_1interval,colony8,Antibiotic,3,7,MC3_MD7,Antibiotic_MC3_MD7,54-60,54,MC,54,60,MD,60,MCMD,148,0
XZ_batch2_colony8_260602_1_crop_final_with_model_head_tail_1interval,colony8,Antibiotic,3,7,MC3_MD7,Antibiotic_MC3_MD7,54-62,54,MC,54,62,MD,62,MCMD,37,0
XZ_batch2_colony8_260602_1_crop_final_with_model_head_tail_1interval,colony8,Antibiotic,3,7,MC3_MD7,Antibiotic_MC3_MD7,54-63,54,MC,54,63,MD,63,MCMD,1113,9
XZ_batch2_colony8_260602_1_crop_final_with_model_head_tail_1interval,colony8,Antibiotic,3,7,MC3_MD7,Antibiotic_MC3_MD7,54-65,54,MC,54,65,MD,65,MCMD,323,1
XZ_batch2_colony8_260602_1_crop_final_with_model_head_tail_1interval,colony8,Antibiotic,3,7,MC3_MD7,Antibiotic_MC3_MD7,54-8,54,MC,54,8,H,8,HMC,363,20
XZ_batch2_colony8_260602_1_crop_final_with_model_head_tail_1interval,colony8,Antibiotic,3,7,MC3_MD7,Antibiotic_MC3_MD7,55-56,55,MC,55,56,MD,56,MCMD,3184,95
XZ_batch2_colony8_260602_1_crop_final_with_model_head_tail_1interval,colony8,Antibiotic,3,7,MC3_MD7,Antibiotic_MC3_MD7,55-59,55,MC,55,59,MD,59,MCMD,4421,144
XZ_batch2_colony8_260602_1_crop_final_with_model_head_tail_1interval,colony8,Antibiotic,3,7,MC3_MD7,Antibiotic_MC3_MD7,55-6,55,MC,55,6,H,9,HMC,4831,164
XZ_batch2_colony8_260602_1_crop_final_with_model_head_tail_1interval,colony8,Antibiotic,3,7,MC3_MD7,Antibiotic_MC3_MD7,55-60,55,MC,55,60,MD,60,MCMD,844,18
XZ_batch2_colony8_260602_1_crop_final_with_model_head_tail_1interval,colony8,Antibiotic,3,7,MC3_MD7,Antibiotic_MC3_MD7,55-62,55,MC,55,62,MD,62,MCMD,1204,2
XZ_batch2_colony8_260602_1_crop_final_with_model_head_tail_1interval,colony8,Antibiotic,3,7,MC3_MD7,Antibiotic_MC3_MD7,55-63,55,MC,55,63,MD,63,MCMD,4775,106
XZ_batch2_colony8_260602_1_crop_final_with_model_head_tail_1interval,colony8,Antibiotic,3,7,MC3_MD7,Antibiotic_MC3_MD7,55-64,55,MC,55,64,MD,64,MCMD,7,0
XZ_batch2_colony8_260602_1_crop_final_with_model_head_tail_1interval,colony8,Antibiotic,3,7,MC3_MD7,Antibiotic_MC3_MD7,55-65,55,MC,55,65,MD,65,MCMD,1946,0
XZ_batch2_colony8_260602_1_crop_final_with_model_head_tail_1interval,colony8,Antibiotic,3,7,MC3_MD7,Antibiotic_MC3_MD7,55-8,55,MC,55,8,H,8,HMC,1333,20
XZ_batch2_colony8_260602_1_crop_final_with_model_head_tail_1interval,colony8,Antibiotic,3,7,MC3_MD7,Antibiotic_MC3_MD7,56-59,56,MD,56,59,MD,59,MDMD,1526,9
XZ_batch2_colony8_260602_1_crop_final_with_model_head_tail_1interval,colony8,Antibiotic,3,7,MC3_MD7,Antibiotic_MC3_MD7,56-6,56,MD,56,6,H,9,HMD,1630,18
XZ_batch2_colony8_260602_1_crop_final_with_model_head_tail_1interval,colony8,Antibiotic,3,7,MC3_MD7,Antibiotic_MC3_MD7,56-60,56,MD,56,60,MD,60,MDMD,273,6
XZ_batch2_colony8_260602_1_crop_final_with_model_head_tail_1interval,colony8,Antibiotic,3,7,MC3_MD7,Antibiotic_MC3_MD7,56-62,56,MD,56,62,MD,62,MDMD,476,0
XZ_batch2_colony8_260602_1_crop_final_with_model_head_tail_1interval,colony8,Antibiotic,3,7,MC3_MD7,Antibiotic_MC3_MD7,56-63,56,MD,56,63,MD,63,MDMD,2664,56
XZ_batch2_colony8_260602_1_crop_final_with_model_head_tail_1interval,colony8,Antibiotic,3,7,MC3_MD7,Antibiotic_MC3_MD7,56-64,56,MD,56,64,MD,64,MDMD,5,0
XZ_batch2_colony8_260602_1_crop_final_with_model_head_tail_1interval,colony8,Antibiotic,3,7,MC3_MD7,Antibiotic_MC3_MD7,56-65,56,MD,56,65,MD,65,MDMD,535,1
XZ_batch2_colony8_260602_1_crop_final_with_model_head_tail_1interval,colony8,Antibiotic,3,7,MC3_MD7,Antibiotic_MC3_MD7,56-8,56,MD,56,8,H,8,HMD,436,13
XZ_batch2_colony8_260602_1_crop_final_with_model_head_tail_1interval,colony8,Antibiotic,3,7,MC3_MD7,Antibiotic_MC3_MD7,59-6,59,MD,59,6,H,9,HMD,2457,64
XZ_batch2_colony8_260602_1_crop_final_with_model_head_tail_1interval,colony8,Antibiotic,3,7,MC3_MD7,Antibiotic_MC3_MD7,59-60,59,MD,59,60,MD,60,MDMD,611,8
XZ_batch2_colony8_260602_1_crop_final_with_model_head_tail_1interval,colony8,Antibiotic,3,7,MC3_MD7,Antibiotic_MC3_MD7,59-62,59,MD,59,62,MD,62,MDMD,845,0
XZ_batch2_colony8_260602_1_crop_final_with_model_head_tail_1interval,colony8,Antibiotic,3,7,MC3_MD7,Antibiotic_MC3_MD7,59-63,59,MD,59,63,MD,63,MDMD,3242,52
XZ_batch2_colony8_260602_1_crop_final_with_model_head_tail_1interval,colony8,Antibiotic,3,7,MC3_MD7,Antibiotic_MC3_MD7,59-64,59,MD,59,64,MD,64,MDMD,3,0
XZ_batch2_colony8_260602_1_crop_final_with_model_head_tail_1interval,colony8,Antibiotic,3,7,MC3_MD7,Antibiotic_MC3_MD7,59-65,59,MD,59,65,MD,65,MDMD,1009,0
XZ_batch2_colony8_260602_1_crop_final_with_model_head_tail_1interval,colony8,Antibiotic,3,7,MC3_MD7,Antibiotic_MC3_MD7,59-8,59,MD,59,8,H,8,HMD,796,18
XZ_batch2_colony8_260602_1_crop_final_with_model_head_tail_1interval,colony8,Antibiotic,3,7,MC3_MD7,Antibiotic_MC3_MD7,6-60,6,H,9,60,MD,60,HMD,818,2
XZ_batch2_colony8_260602_1_crop_final_with_model_head_tail_1interval,colony8,Antibiotic,3,7,MC3_MD7,Antibiotic_MC3_MD7,6-62,6,H,9,62,MD,62,HMD,596,0
XZ_batch2_colony8_260602_1_crop_final_with_model_head_tail_1interval,colony8,Antibiotic,3,7,MC3_MD7,Antibiotic_MC3_MD7,6-63,6,H,9,63,MD,63,HMD,3846,34
XZ_batch2_colony8_260602_1_crop_final_with_model_head_tail_1interval,colony8,Antibiotic,3,7,MC3_MD7,Antibiotic_MC3_MD7,6-64,6,H,9,64,MD,64,HMD,4,0
XZ_batch2_colony8_260602_1_crop_final_with_model_head_tail_1interval,colony8,Antibiotic,3,7,MC3_MD7,Antibiotic_MC3_MD7,6-65,6,H,9,65,MD,65,HMD,1206,1
XZ_batch2_colony8_260602_1_crop_final_with_model_head_tail_1interval,colony8,Antibiotic,3,7,MC3_MD7,Antibiotic_MC3_MD7,6-8,6,H,9,8,H,8,HH,1553,0
XZ_batch2_colony8_260602_1_crop_final_with_model_head_tail_1interval,colony8,Antibiotic,3,7,MC3_MD7,Antibiotic_MC3_MD7,60-62,60,MD,60,62,MD,62,MDMD,519,0
XZ_batch2_colony8_260602_1_crop_final_with_model_head_tail_1interval,colony8,Antibiotic,3,7,MC3_MD7,Antibiotic_MC3_MD7,60-63,60,MD,60,63,MD,63,MDMD,1252,0
XZ_batch2_colony8_260602_1_crop_final_with_model_head_tail_1interval,colony8,Antibiotic,3,7,MC3_MD7,Antibiotic_MC3_MD7,60-65,60,MD,60,65,MD,65,MDMD,263,0
XZ_batch2_colony8_260602_1_crop_final_with_model_head_tail_1interval,colony8,Antibiotic,3,7,MC3_MD7,Antibiotic_MC3_MD7,60-8,60,MD,60,8,H,8,HMD,548,72
XZ_batch2_colony8_260602_1_crop_final_with_model_head_tail_1interval,colony8,Antibiotic,3,7,MC3_MD7,Antibiotic_MC3_MD7,62-63,62,MD,62,63,MD,63,MDMD,1001,1
XZ_batch2_colony8_260602_1_crop_final_with_model_head_tail_1interval,colony8,Antibiotic,3,7,MC3_MD7,Antibiotic_MC3_MD7,62-64,62,MD,62,64,MD,64,MDMD,1,0
XZ_batch2_colony8_260602_1_crop_final_with_model_head_tail_1interval,colony8,Antibiotic,3,7,MC3_MD7,Antibiotic_MC3_MD7,62-65,62,MD,62,65,MD,65,MDMD,258,0
XZ_batch2_colony8_260602_1_crop_final_with_model_head_tail_1interval,colony8,Antibiotic,3,7,MC3_MD7,Antibiotic_MC3_MD7,62-8,62,MD,62,8,H,8,HMD,560,0
XZ_batch2_colony8_260602_1_crop_final_with_model_head_tail_1interval,colony8,Antibiotic,3,7,MC3_MD7,Antibiotic_MC3_MD7,63-64,63,MD,63,64,MD,64,MDMD,10,0
XZ_batch2_colony8_260602_1_crop_final_with_model_head_tail_1interval,colony8,Antibiotic,3,7,MC3_MD7,Antibiotic_MC3_MD7,63-65,63,MD,63,65,MD,65,MDMD,1358,20
XZ_batch2_colony8_260602_1_crop_final_with_model_head_tail_1interval,colony8,Antibiotic,3,7,MC3_MD7,Antibiotic_MC3_MD7,63-8,63,MD,63,8,H,8,HMD,1592,15
XZ_batch2_colony8_260602_1_crop_final_with_model_head_tail_1interval,colony8,Antibiotic,3,7,MC3_MD7,Antibiotic_MC3_MD7,64-65,64,MD,64,65,MD,65,MDMD,5,0
XZ_batch2_colony8_260602_1_crop_final_with_model_head_tail_1interval,colony8,Antibiotic,3,7,MC3_MD7,Antibiotic_MC3_MD7,64-8,64,MD,64,8,H,8,HMD,1,0
XZ_batch2_colony8_260602_1_crop_final_with_model_head_tail_1interval,colony8,Antibiotic,3,7,MC3_MD7,Antibiotic_MC3_MD7,65-8,65,MD,65,8,H,8,HMD,358,0
